Target City,Pilot Name,Pilot Skill,Aircraft Type,Aircraft Speed(km/h),Fuel Capacity (km),Mission Score,Mission Fit Score,Weather Condition
Tehran,John Doe,8,F-16,2400,5000,1563.7186320109568,1563.7186320109568,Clouds
Tehran,John Doe,8,F-35,3000,6000,1813.7186320109568,1813.7186320109568,Clouds
Tehran,John Doe,8,MiG-29,2450,4500,1438.7186320109568,1438.7186320109568,Clouds
Tehran,John Doe,8,Su-27,2500,5200,1613.7186320109568,1613.7186320109568,Clouds
Tehran,John Doe,8,Eurofighter Typhoon,2495,5600,1713.7186320109568,1713.7186320109568,Clouds
Tehran,John Doe,8,Rafale,2130,4700,1488.7186320109568,1488.7186320109568,Clouds
Tehran,John Doe,8,F/A-18,1915,4900,1538.7186320109568,1538.7186320109568,Clouds
Tehran,Jane Smith,6,F-16,2400,5000,1563.2186320109568,1563.2186320109568,Clouds
Tehran,Jane Smith,6,F-35,3000,6000,1813.2186320109568,1813.2186320109568,Clouds
Tehran,Jane Smith,6,MiG-29,2450,4500,1438.2186320109568,1438.2186320109568,Clouds
Tehran,Jane Smith,6,Su-27,2500,5200,1613.2186320109568,1613.2186320109568,Clouds
Tehran,Jane Smith,6,Eurofighter Typhoon,2495,5600,1713.2186320109568,1713.2186320109568,Clouds
Tehran,Jane Smith,6,Rafale,2130,4700,1488.2186320109568,1488.2186320109568,Clouds
Tehran,Jane Smith,6,F/A-18,1915,4900,1538.2186320109568,1538.2186320109568,Clouds
Tehran,Michael Johnson,7,F-16,2400,5000,1563.4686320109568,1563.4686320109568,Clouds
Tehran,Michael Johnson,7,F-35,3000,6000,1813.4686320109568,1813.4686320109568,Clouds
Tehran,Michael Johnson,7,MiG-29,2450,4500,1438.4686320109568,1438.4686320109568,Clouds
Tehran,Michael Johnson,7,Su-27,2500,5200,1613.4686320109568,1613.4686320109568,Clouds
Tehran,Michael Johnson,7,Eurofighter Typhoon,2495,5600,1713.4686320109568,1713.4686320109568,Clouds
Tehran,Michael Johnson,7,Rafale,2130,4700,1488.4686320109568,1488.4686320109568,Clouds
Tehran,Michael Johnson,7,F/A-18,1915,4900,1538.4686320109568,1538.4686320109568,Clouds
Tehran,Emily Davis,9,F-16,2400,5000,1563.9686320109568,1563.9686320109568,Clouds
Tehran,Emily Davis,9,F-35,3000,6000,1813.9686320109568,1813.9686320109568,Clouds
Tehran,Emily Davis,9,MiG-29,2450,4500,1438.9686320109568,1438.9686320109568,Clouds
Tehran,Emily Davis,9,Su-27,2500,5200,1613.9686320109568,1613.9686320109568,Clouds
Tehran,Emily Davis,9,Eurofighter Typhoon,2495,5600,1713.9686320109568,1713.9686320109568,Clouds
Tehran,Emily Davis,9,Rafale,2130,4700,1488.9686320109568,1488.9686320109568,Clouds
Tehran,Emily Davis,9,F/A-18,1915,4900,1538.9686320109568,1538.9686320109568,Clouds
Tehran,Robert Brown,5,F-16,2400,5000,1562.9686320109568,1562.9686320109568,Clouds
Tehran,Robert Brown,5,F-35,3000,6000,1812.9686320109568,1812.9686320109568,Clouds
Tehran,Robert Brown,5,MiG-29,2450,4500,1437.9686320109568,1437.9686320109568,Clouds
Tehran,Robert Brown,5,Su-27,2500,5200,1612.9686320109568,1612.9686320109568,Clouds
Tehran,Robert Brown,5,Eurofighter Typhoon,2495,5600,1712.9686320109568,1712.9686320109568,Clouds
Tehran,Robert Brown,5,Rafale,2130,4700,1487.9686320109568,1487.9686320109568,Clouds
Tehran,Robert Brown,5,F/A-18,1915,4900,1537.9686320109568,1537.9686320109568,Clouds
Tehran,Sarah Wilson,8,F-16,2400,5000,1563.7186320109568,1563.7186320109568,Clouds
Tehran,Sarah Wilson,8,F-35,3000,6000,1813.7186320109568,1813.7186320109568,Clouds
Tehran,Sarah Wilson,8,MiG-29,2450,4500,1438.7186320109568,1438.7186320109568,Clouds
Tehran,Sarah Wilson,8,Su-27,2500,5200,1613.7186320109568,1613.7186320109568,Clouds
Tehran,Sarah Wilson,8,Eurofighter Typhoon,2495,5600,1713.7186320109568,1713.7186320109568,Clouds
Tehran,Sarah Wilson,8,Rafale,2130,4700,1488.7186320109568,1488.7186320109568,Clouds
Tehran,Sarah Wilson,8,F/A-18,1915,4900,1538.7186320109568,1538.7186320109568,Clouds
Tehran,David Lee,6,F-16,2400,5000,1563.2186320109568,1563.2186320109568,Clouds
Tehran,David Lee,6,F-35,3000,6000,1813.2186320109568,1813.2186320109568,Clouds
Tehran,David Lee,6,MiG-29,2450,4500,1438.2186320109568,1438.2186320109568,Clouds
Tehran,David Lee,6,Su-27,2500,5200,1613.2186320109568,1613.2186320109568,Clouds
Tehran,David Lee,6,Eurofighter Typhoon,2495,5600,1713.2186320109568,1713.2186320109568,Clouds
Tehran,David Lee,6,Rafale,2130,4700,1488.2186320109568,1488.2186320109568,Clouds
Tehran,David Lee,6,F/A-18,1915,4900,1538.2186320109568,1538.2186320109568,Clouds
Tehran,Chris Walker,7,F-16,2400,5000,1563.4686320109568,1563.4686320109568,Clouds
Tehran,Chris Walker,7,F-35,3000,6000,1813.4686320109568,1813.4686320109568,Clouds
Tehran,Chris Walker,7,MiG-29,2450,4500,1438.4686320109568,1438.4686320109568,Clouds
Tehran,Chris Walker,7,Su-27,2500,5200,1613.4686320109568,1613.4686320109568,Clouds
Tehran,Chris Walker,7,Eurofighter Typhoon,2495,5600,1713.4686320109568,1713.4686320109568,Clouds
Tehran,Chris Walker,7,Rafale,2130,4700,1488.4686320109568,1488.4686320109568,Clouds
Tehran,Chris Walker,7,F/A-18,1915,4900,1538.4686320109568,1538.4686320109568,Clouds
Tehran,Jessica Miller,10,F-16,2400,5000,1564.2186320109568,1564.2186320109568,Clouds
Tehran,Jessica Miller,10,F-35,3000,6000,1814.2186320109568,1814.2186320109568,Clouds
Tehran,Jessica Miller,10,MiG-29,2450,4500,1439.2186320109568,1439.2186320109568,Clouds
Tehran,Jessica Miller,10,Su-27,2500,5200,1614.2186320109568,1614.2186320109568,Clouds
Tehran,Jessica Miller,10,Eurofighter Typhoon,2495,5600,1714.2186320109568,1714.2186320109568,Clouds
Tehran,Jessica Miller,10,Rafale,2130,4700,1489.2186320109568,1489.2186320109568,Clouds
Tehran,Jessica Miller,10,F/A-18,1915,4900,1539.2186320109568,1539.2186320109568,Clouds
Tehran,Daniel Harris,4,F-16,2400,5000,1562.7186320109568,1562.7186320109568,Clouds
Tehran,Daniel Harris,4,F-35,3000,6000,1812.7186320109568,1812.7186320109568,Clouds
Tehran,Daniel Harris,4,MiG-29,2450,4500,1437.7186320109568,1437.7186320109568,Clouds
Tehran,Daniel Harris,4,Su-27,2500,5200,1612.7186320109568,1612.7186320109568,Clouds
Tehran,Daniel Harris,4,Eurofighter Typhoon,2495,5600,1712.7186320109568,1712.7186320109568,Clouds
Tehran,Daniel Harris,4,Rafale,2130,4700,1487.7186320109568,1487.7186320109568,Clouds
Tehran,Daniel Harris,4,F/A-18,1915,4900,1537.7186320109568,1537.7186320109568,Clouds
Baghdad,John Doe,8,F-16,2400,5000,1428.180063609008,1428.180063609008,Clear
Baghdad,John Doe,8,F-35,3000,6000,1678.180063609008,1678.180063609008,Clear
Baghdad,John Doe,8,MiG-29,2450,4500,1303.180063609008,1303.180063609008,Clear
Baghdad,John Doe,8,Su-27,2500,5200,1478.180063609008,1478.180063609008,Clear
Baghdad,John Doe,8,Eurofighter Typhoon,2495,5600,1578.180063609008,1578.180063609008,Clear
Baghdad,John Doe,8,Rafale,2130,4700,1353.180063609008,1353.180063609008,Clear
Baghdad,John Doe,8,F/A-18,1915,4900,1403.180063609008,1403.180063609008,Clear
Baghdad,Jane Smith,6,F-16,2400,5000,1427.680063609008,1427.680063609008,Clear
Baghdad,Jane Smith,6,F-35,3000,6000,1677.680063609008,1677.680063609008,Clear
Baghdad,Jane Smith,6,MiG-29,2450,4500,1302.680063609008,1302.680063609008,Clear
Baghdad,Jane Smith,6,Su-27,2500,5200,1477.680063609008,1477.680063609008,Clear
Baghdad,Jane Smith,6,Eurofighter Typhoon,2495,5600,1577.680063609008,1577.680063609008,Clear
Baghdad,Jane Smith,6,Rafale,2130,4700,1352.680063609008,1352.680063609008,Clear
Baghdad,Jane Smith,6,F/A-18,1915,4900,1402.680063609008,1402.680063609008,Clear
Baghdad,Michael Johnson,7,F-16,2400,5000,1427.930063609008,1427.930063609008,Clear
Baghdad,Michael Johnson,7,F-35,3000,6000,1677.930063609008,1677.930063609008,Clear
Baghdad,Michael Johnson,7,MiG-29,2450,4500,1302.930063609008,1302.930063609008,Clear
Baghdad,Michael Johnson,7,Su-27,2500,5200,1477.930063609008,1477.930063609008,Clear
Baghdad,Michael Johnson,7,Eurofighter Typhoon,2495,5600,1577.930063609008,1577.930063609008,Clear
Baghdad,Michael Johnson,7,Rafale,2130,4700,1352.930063609008,1352.930063609008,Clear
Baghdad,Michael Johnson,7,F/A-18,1915,4900,1402.930063609008,1402.930063609008,Clear
Baghdad,Emily Davis,9,F-16,2400,5000,1428.430063609008,1428.430063609008,Clear
Baghdad,Emily Davis,9,F-35,3000,6000,1678.430063609008,1678.430063609008,Clear
Baghdad,Emily Davis,9,MiG-29,2450,4500,1303.430063609008,1303.430063609008,Clear
Baghdad,Emily Davis,9,Su-27,2500,5200,1478.430063609008,1478.430063609008,Clear
Baghdad,Emily Davis,9,Eurofighter Typhoon,2495,5600,1578.430063609008,1578.430063609008,Clear
Baghdad,Emily Davis,9,Rafale,2130,4700,1353.430063609008,1353.430063609008,Clear
Baghdad,Emily Davis,9,F/A-18,1915,4900,1403.430063609008,1403.430063609008,Clear
Baghdad,Robert Brown,5,F-16,2400,5000,1427.430063609008,1427.430063609008,Clear
Baghdad,Robert Brown,5,F-35,3000,6000,1677.430063609008,1677.430063609008,Clear
Baghdad,Robert Brown,5,MiG-29,2450,4500,1302.430063609008,1302.430063609008,Clear
Baghdad,Robert Brown,5,Su-27,2500,5200,1477.430063609008,1477.430063609008,Clear
Baghdad,Robert Brown,5,Eurofighter Typhoon,2495,5600,1577.430063609008,1577.430063609008,Clear
Baghdad,Robert Brown,5,Rafale,2130,4700,1352.430063609008,1352.430063609008,Clear
Baghdad,Robert Brown,5,F/A-18,1915,4900,1402.430063609008,1402.430063609008,Clear
Baghdad,Sarah Wilson,8,F-16,2400,5000,1428.180063609008,1428.180063609008,Clear
Baghdad,Sarah Wilson,8,F-35,3000,6000,1678.180063609008,1678.180063609008,Clear
Baghdad,Sarah Wilson,8,MiG-29,2450,4500,1303.180063609008,1303.180063609008,Clear
Baghdad,Sarah Wilson,8,Su-27,2500,5200,1478.180063609008,1478.180063609008,Clear
Baghdad,Sarah Wilson,8,Eurofighter Typhoon,2495,5600,1578.180063609008,1578.180063609008,Clear
Baghdad,Sarah Wilson,8,Rafale,2130,4700,1353.180063609008,1353.180063609008,Clear
Baghdad,Sarah Wilson,8,F/A-18,1915,4900,1403.180063609008,1403.180063609008,Clear
Baghdad,David Lee,6,F-16,2400,5000,1427.680063609008,1427.680063609008,Clear
Baghdad,David Lee,6,F-35,3000,6000,1677.680063609008,1677.680063609008,Clear
Baghdad,David Lee,6,MiG-29,2450,4500,1302.680063609008,1302.680063609008,Clear
Baghdad,David Lee,6,Su-27,2500,5200,1477.680063609008,1477.680063609008,Clear
Baghdad,David Lee,6,Eurofighter Typhoon,2495,5600,1577.680063609008,1577.680063609008,Clear
Baghdad,David Lee,6,Rafale,2130,4700,1352.680063609008,1352.680063609008,Clear
Baghdad,David Lee,6,F/A-18,1915,4900,1402.680063609008,1402.680063609008,Clear
Baghdad,Chris Walker,7,F-16,2400,5000,1427.930063609008,1427.930063609008,Clear
Baghdad,Chris Walker,7,F-35,3000,6000,1677.930063609008,1677.930063609008,Clear
Baghdad,Chris Walker,7,MiG-29,2450,4500,1302.930063609008,1302.930063609008,Clear
Baghdad,Chris Walker,7,Su-27,2500,5200,1477.930063609008,1477.930063609008,Clear
Baghdad,Chris Walker,7,Eurofighter Typhoon,2495,5600,1577.930063609008,1577.930063609008,Clear
Baghdad,Chris Walker,7,Rafale,2130,4700,1352.930063609008,1352.930063609008,Clear
Baghdad,Chris Walker,7,F/A-18,1915,4900,1402.930063609008,1402.930063609008,Clear
Baghdad,Jessica Miller,10,F-16,2400,5000,1428.680063609008,1428.680063609008,Clear
Baghdad,Jessica Miller,10,F-35,3000,6000,1678.680063609008,1678.680063609008,Clear
Baghdad,Jessica Miller,10,MiG-29,2450,4500,1303.680063609008,1303.680063609008,Clear
Baghdad,Jessica Miller,10,Su-27,2500,5200,1478.680063609008,1478.680063609008,Clear
Baghdad,Jessica Miller,10,Eurofighter Typhoon,2495,5600,1578.680063609008,1578.680063609008,Clear
Baghdad,Jessica Miller,10,Rafale,2130,4700,1353.680063609008,1353.680063609008,Clear
Baghdad,Jessica Miller,10,F/A-18,1915,4900,1403.680063609008,1403.680063609008,Clear
Baghdad,Daniel Harris,4,F-16,2400,5000,1427.180063609008,1427.180063609008,Clear
Baghdad,Daniel Harris,4,F-35,3000,6000,1677.180063609008,1677.180063609008,Clear
Baghdad,Daniel Harris,4,MiG-29,2450,4500,1302.180063609008,1302.180063609008,Clear
Baghdad,Daniel Harris,4,Su-27,2500,5200,1477.180063609008,1477.180063609008,Clear
Baghdad,Daniel Harris,4,Eurofighter Typhoon,2495,5600,1577.180063609008,1577.180063609008,Clear
Baghdad,Daniel Harris,4,Rafale,2130,4700,1352.180063609008,1352.180063609008,Clear
Baghdad,Daniel Harris,4,F/A-18,1915,4900,1402.180063609008,1402.180063609008,Clear
Damascus,John Doe,8,F-16,2400,5000,1296.3655829097888,1296.3655829097888,Clear
Damascus,John Doe,8,F-35,3000,6000,1546.3655829097888,1546.3655829097888,Clear
Damascus,John Doe,8,MiG-29,2450,4500,1171.3655829097888,1171.3655829097888,Clear
Damascus,John Doe,8,Su-27,2500,5200,1346.3655829097888,1346.3655829097888,Clear
Damascus,John Doe,8,Eurofighter Typhoon,2495,5600,1446.3655829097888,1446.3655829097888,Clear
Damascus,John Doe,8,Rafale,2130,4700,1221.3655829097888,1221.3655829097888,Clear
Damascus,John Doe,8,F/A-18,1915,4900,1271.3655829097888,1271.3655829097888,Clear
Damascus,Jane Smith,6,F-16,2400,5000,1295.8655829097888,1295.8655829097888,Clear
Damascus,Jane Smith,6,F-35,3000,6000,1545.8655829097888,1545.8655829097888,Clear
Damascus,Jane Smith,6,MiG-29,2450,4500,1170.8655829097888,1170.8655829097888,Clear
Damascus,Jane Smith,6,Su-27,2500,5200,1345.8655829097888,1345.8655829097888,Clear
Damascus,Jane Smith,6,Eurofighter Typhoon,2495,5600,1445.8655829097888,1445.8655829097888,Clear
Damascus,Jane Smith,6,Rafale,2130,4700,1220.8655829097888,1220.8655829097888,Clear
Damascus,Jane Smith,6,F/A-18,1915,4900,1270.8655829097888,1270.8655829097888,Clear
Damascus,Michael Johnson,7,F-16,2400,5000,1296.1155829097888,1296.1155829097888,Clear
Damascus,Michael Johnson,7,F-35,3000,6000,1546.1155829097888,1546.1155829097888,Clear
Damascus,Michael Johnson,7,MiG-29,2450,4500,1171.1155829097888,1171.1155829097888,Clear
Damascus,Michael Johnson,7,Su-27,2500,5200,1346.1155829097888,1346.1155829097888,Clear
Damascus,Michael Johnson,7,Eurofighter Typhoon,2495,5600,1446.1155829097888,1446.1155829097888,Clear
Damascus,Michael Johnson,7,Rafale,2130,4700,1221.1155829097888,1221.1155829097888,Clear
Damascus,Michael Johnson,7,F/A-18,1915,4900,1271.1155829097888,1271.1155829097888,Clear
Damascus,Emily Davis,9,F-16,2400,5000,1296.6155829097888,1296.6155829097888,Clear
Damascus,Emily Davis,9,F-35,3000,6000,1546.6155829097888,1546.6155829097888,Clear
Damascus,Emily Davis,9,MiG-29,2450,4500,1171.6155829097888,1171.6155829097888,Clear
Damascus,Emily Davis,9,Su-27,2500,5200,1346.6155829097888,1346.6155829097888,Clear
Damascus,Emily Davis,9,Eurofighter Typhoon,2495,5600,1446.6155829097888,1446.6155829097888,Clear
Damascus,Emily Davis,9,Rafale,2130,4700,1221.6155829097888,1221.6155829097888,Clear
Damascus,Emily Davis,9,F/A-18,1915,4900,1271.6155829097888,1271.6155829097888,Clear
Damascus,Robert Brown,5,F-16,2400,5000,1295.6155829097888,1295.6155829097888,Clear
Damascus,Robert Brown,5,F-35,3000,6000,1545.6155829097888,1545.6155829097888,Clear
Damascus,Robert Brown,5,MiG-29,2450,4500,1170.6155829097888,1170.6155829097888,Clear
Damascus,Robert Brown,5,Su-27,2500,5200,1345.6155829097888,1345.6155829097888,Clear
Damascus,Robert Brown,5,Eurofighter Typhoon,2495,5600,1445.6155829097888,1445.6155829097888,Clear
Damascus,Robert Brown,5,Rafale,2130,4700,1220.6155829097888,1220.6155829097888,Clear
Damascus,Robert Brown,5,F/A-18,1915,4900,1270.6155829097888,1270.6155829097888,Clear
Damascus,Sarah Wilson,8,F-16,2400,5000,1296.3655829097888,1296.3655829097888,Clear
Damascus,Sarah Wilson,8,F-35,3000,6000,1546.3655829097888,1546.3655829097888,Clear
Damascus,Sarah Wilson,8,MiG-29,2450,4500,1171.3655829097888,1171.3655829097888,Clear
Damascus,Sarah Wilson,8,Su-27,2500,5200,1346.3655829097888,1346.3655829097888,Clear
Damascus,Sarah Wilson,8,Eurofighter Typhoon,2495,5600,1446.3655829097888,1446.3655829097888,Clear
Damascus,Sarah Wilson,8,Rafale,2130,4700,1221.3655829097888,1221.3655829097888,Clear
Damascus,Sarah Wilson,8,F/A-18,1915,4900,1271.3655829097888,1271.3655829097888,Clear
Damascus,David Lee,6,F-16,2400,5000,1295.8655829097888,1295.8655829097888,Clear
Damascus,David Lee,6,F-35,3000,6000,1545.8655829097888,1545.8655829097888,Clear
Damascus,David Lee,6,MiG-29,2450,4500,1170.8655829097888,1170.8655829097888,Clear
Damascus,David Lee,6,Su-27,2500,5200,1345.8655829097888,1345.8655829097888,Clear
Damascus,David Lee,6,Eurofighter Typhoon,2495,5600,1445.8655829097888,1445.8655829097888,Clear
Damascus,David Lee,6,Rafale,2130,4700,1220.8655829097888,1220.8655829097888,Clear
Damascus,David Lee,6,F/A-18,1915,4900,1270.8655829097888,1270.8655829097888,Clear
Damascus,Chris Walker,7,F-16,2400,5000,1296.1155829097888,1296.1155829097888,Clear
Damascus,Chris Walker,7,F-35,3000,6000,1546.1155829097888,1546.1155829097888,Clear
Damascus,Chris Walker,7,MiG-29,2450,4500,1171.1155829097888,1171.1155829097888,Clear
Damascus,Chris Walker,7,Su-27,2500,5200,1346.1155829097888,1346.1155829097888,Clear
Damascus,Chris Walker,7,Eurofighter Typhoon,2495,5600,1446.1155829097888,1446.1155829097888,Clear
Damascus,Chris Walker,7,Rafale,2130,4700,1221.1155829097888,1221.1155829097888,Clear
Damascus,Chris Walker,7,F/A-18,1915,4900,1271.1155829097888,1271.1155829097888,Clear
Damascus,Jessica Miller,10,F-16,2400,5000,1296.8655829097888,1296.8655829097888,Clear
Damascus,Jessica Miller,10,F-35,3000,6000,1546.8655829097888,1546.8655829097888,Clear
Damascus,Jessica Miller,10,MiG-29,2450,4500,1171.8655829097888,1171.8655829097888,Clear
Damascus,Jessica Miller,10,Su-27,2500,5200,1346.8655829097888,1346.8655829097888,Clear
Damascus,Jessica Miller,10,Eurofighter Typhoon,2495,5600,1446.8655829097888,1446.8655829097888,Clear
Damascus,Jessica Miller,10,Rafale,2130,4700,1221.8655829097888,1221.8655829097888,Clear
Damascus,Jessica Miller,10,F/A-18,1915,4900,1271.8655829097888,1271.8655829097888,Clear
Damascus,Daniel Harris,4,F-16,2400,5000,1295.3655829097888,1295.3655829097888,Clear
Damascus,Daniel Harris,4,F-35,3000,6000,1545.3655829097888,1545.3655829097888,Clear
Damascus,Daniel Harris,4,MiG-29,2450,4500,1170.3655829097888,1170.3655829097888,Clear
Damascus,Daniel Harris,4,Su-27,2500,5200,1345.3655829097888,1345.3655829097888,Clear
Damascus,Daniel Harris,4,Eurofighter Typhoon,2495,5600,1445.3655829097888,1445.3655829097888,Clear
Damascus,Daniel Harris,4,Rafale,2130,4700,1220.3655829097888,1220.3655829097888,Clear
Damascus,Daniel Harris,4,F/A-18,1915,4900,1270.3655829097888,1270.3655829097888,Clear
Kabul,John Doe,8,F-16,2400,5000,1885.2900522021837,1885.2900522021837,Clear
Kabul,John Doe,8,F-35,3000,6000,2135.2900522021837,2135.2900522021837,Clear
Kabul,John Doe,8,MiG-29,2450,4500,1760.2900522021837,1760.2900522021837,Clear
Kabul,John Doe,8,Su-27,2500,5200,1935.2900522021837,1935.2900522021837,Clear
Kabul,John Doe,8,Eurofighter Typhoon,2495,5600,2035.2900522021837,2035.2900522021837,Clear
Kabul,John Doe,8,Rafale,2130,4700,1810.2900522021837,1810.2900522021837,Clear
Kabul,John Doe,8,F/A-18,1915,4900,1860.2900522021837,1860.2900522021837,Clear
Kabul,Jane Smith,6,F-16,2400,5000,1884.7900522021837,1884.7900522021837,Clear
Kabul,Jane Smith,6,F-35,3000,6000,2134.7900522021837,2134.7900522021837,Clear
Kabul,Jane Smith,6,MiG-29,2450,4500,1759.7900522021837,1759.7900522021837,Clear
Kabul,Jane Smith,6,Su-27,2500,5200,1934.7900522021837,1934.7900522021837,Clear
Kabul,Jane Smith,6,Eurofighter Typhoon,2495,5600,2034.7900522021837,2034.7900522021837,Clear
Kabul,Jane Smith,6,Rafale,2130,4700,1809.7900522021837,1809.7900522021837,Clear
Kabul,Jane Smith,6,F/A-18,1915,4900,1859.7900522021837,1859.7900522021837,Clear
Kabul,Michael Johnson,7,F-16,2400,5000,1885.0400522021837,1885.0400522021837,Clear
Kabul,Michael Johnson,7,F-35,3000,6000,2135.0400522021837,2135.0400522021837,Clear
Kabul,Michael Johnson,7,MiG-29,2450,4500,1760.0400522021837,1760.0400522021837,Clear
Kabul,Michael Johnson,7,Su-27,2500,5200,1935.0400522021837,1935.0400522021837,Clear
Kabul,Michael Johnson,7,Eurofighter Typhoon,2495,5600,2035.0400522021837,2035.0400522021837,Clear
Kabul,Michael Johnson,7,Rafale,2130,4700,1810.0400522021837,1810.0400522021837,Clear
Kabul,Michael Johnson,7,F/A-18,1915,4900,1860.0400522021837,1860.0400522021837,Clear
Kabul,Emily Davis,9,F-16,2400,5000,1885.5400522021837,1885.5400522021837,Clear
Kabul,Emily Davis,9,F-35,3000,6000,2135.5400522021837,2135.5400522021837,Clear
Kabul,Emily Davis,9,MiG-29,2450,4500,1760.5400522021837,1760.5400522021837,Clear
Kabul,Emily Davis,9,Su-27,2500,5200,1935.5400522021837,1935.5400522021837,Clear
Kabul,Emily Davis,9,Eurofighter Typhoon,2495,5600,2035.5400522021837,2035.5400522021837,Clear
Kabul,Emily Davis,9,Rafale,2130,4700,1810.5400522021837,1810.5400522021837,Clear
Kabul,Emily Davis,9,F/A-18,1915,4900,1860.5400522021837,1860.5400522021837,Clear
Kabul,Robert Brown,5,F-16,2400,5000,1884.5400522021837,1884.5400522021837,Clear
Kabul,Robert Brown,5,F-35,3000,6000,2134.5400522021837,2134.5400522021837,Clear
Kabul,Robert Brown,5,MiG-29,2450,4500,1759.5400522021837,1759.5400522021837,Clear
Kabul,Robert Brown,5,Su-27,2500,5200,1934.5400522021837,1934.5400522021837,Clear
Kabul,Robert Brown,5,Eurofighter Typhoon,2495,5600,2034.5400522021837,2034.5400522021837,Clear
Kabul,Robert Brown,5,Rafale,2130,4700,1809.5400522021837,1809.5400522021837,Clear
Kabul,Robert Brown,5,F/A-18,1915,4900,1859.5400522021837,1859.5400522021837,Clear
Kabul,Sarah Wilson,8,F-16,2400,5000,1885.2900522021837,1885.2900522021837,Clear
Kabul,Sarah Wilson,8,F-35,3000,6000,2135.2900522021837,2135.2900522021837,Clear
Kabul,Sarah Wilson,8,MiG-29,2450,4500,1760.2900522021837,1760.2900522021837,Clear
Kabul,Sarah Wilson,8,Su-27,2500,5200,1935.2900522021837,1935.2900522021837,Clear
Kabul,Sarah Wilson,8,Eurofighter Typhoon,2495,5600,2035.2900522021837,2035.2900522021837,Clear
Kabul,Sarah Wilson,8,Rafale,2130,4700,1810.2900522021837,1810.2900522021837,Clear
Kabul,Sarah Wilson,8,F/A-18,1915,4900,1860.2900522021837,1860.2900522021837,Clear
Kabul,David Lee,6,F-16,2400,5000,1884.7900522021837,1884.7900522021837,Clear
Kabul,David Lee,6,F-35,3000,6000,2134.7900522021837,2134.7900522021837,Clear
Kabul,David Lee,6,MiG-29,2450,4500,1759.7900522021837,1759.7900522021837,Clear
Kabul,David Lee,6,Su-27,2500,5200,1934.7900522021837,1934.7900522021837,Clear
Kabul,David Lee,6,Eurofighter Typhoon,2495,5600,2034.7900522021837,2034.7900522021837,Clear
Kabul,David Lee,6,Rafale,2130,4700,1809.7900522021837,1809.7900522021837,Clear
Kabul,David Lee,6,F/A-18,1915,4900,1859.7900522021837,1859.7900522021837,Clear
Kabul,Chris Walker,7,F-16,2400,5000,1885.0400522021837,1885.0400522021837,Clear
Kabul,Chris Walker,7,F-35,3000,6000,2135.0400522021837,2135.0400522021837,Clear
Kabul,Chris Walker,7,MiG-29,2450,4500,1760.0400522021837,1760.0400522021837,Clear
Kabul,Chris Walker,7,Su-27,2500,5200,1935.0400522021837,1935.0400522021837,Clear
Kabul,Chris Walker,7,Eurofighter Typhoon,2495,5600,2035.0400522021837,2035.0400522021837,Clear
Kabul,Chris Walker,7,Rafale,2130,4700,1810.0400522021837,1810.0400522021837,Clear
Kabul,Chris Walker,7,F/A-18,1915,4900,1860.0400522021837,1860.0400522021837,Clear
Kabul,Jessica Miller,10,F-16,2400,5000,1885.7900522021837,1885.7900522021837,Clear
Kabul,Jessica Miller,10,F-35,3000,6000,2135.7900522021837,2135.7900522021837,Clear
Kabul,Jessica Miller,10,MiG-29,2450,4500,1760.7900522021837,1760.7900522021837,Clear
Kabul,Jessica Miller,10,Su-27,2500,5200,1935.7900522021837,1935.7900522021837,Clear
Kabul,Jessica Miller,10,Eurofighter Typhoon,2495,5600,2035.7900522021837,2035.7900522021837,Clear
Kabul,Jessica Miller,10,Rafale,2130,4700,1810.7900522021837,1810.7900522021837,Clear
Kabul,Jessica Miller,10,F/A-18,1915,4900,1860.7900522021837,1860.7900522021837,Clear
Kabul,Daniel Harris,4,F-16,2400,5000,1884.2900522021837,1884.2900522021837,Clear
Kabul,Daniel Harris,4,F-35,3000,6000,2134.2900522021837,2134.2900522021837,Clear
Kabul,Daniel Harris,4,MiG-29,2450,4500,1759.2900522021837,1759.2900522021837,Clear
Kabul,Daniel Harris,4,Su-27,2500,5200,1934.2900522021837,1934.2900522021837,Clear
Kabul,Daniel Harris,4,Eurofighter Typhoon,2495,5600,2034.2900522021837,2034.2900522021837,Clear
Kabul,Daniel Harris,4,Rafale,2130,4700,1809.2900522021837,1809.2900522021837,Clear
Kabul,Daniel Harris,4,F/A-18,1915,4900,1859.2900522021837,1859.2900522021837,Clear
Sanaa,John Doe,8,F-16,2400,5000,1661.2773727609306,1661.2773727609306,Clouds
Sanaa,John Doe,8,F-35,3000,6000,1911.2773727609306,1911.2773727609306,Clouds
Sanaa,John Doe,8,MiG-29,2450,4500,1536.2773727609306,1536.2773727609306,Clouds
Sanaa,John Doe,8,Su-27,2500,5200,1711.2773727609306,1711.2773727609306,Clouds
Sanaa,John Doe,8,Eurofighter Typhoon,2495,5600,1811.2773727609306,1811.2773727609306,Clouds
Sanaa,John Doe,8,Rafale,2130,4700,1586.2773727609306,1586.2773727609306,Clouds
Sanaa,John Doe,8,F/A-18,1915,4900,1636.2773727609306,1636.2773727609306,Clouds
Sanaa,Jane Smith,6,F-16,2400,5000,1660.7773727609306,1660.7773727609306,Clouds
Sanaa,Jane Smith,6,F-35,3000,6000,1910.7773727609306,1910.7773727609306,Clouds
Sanaa,Jane Smith,6,MiG-29,2450,4500,1535.7773727609306,1535.7773727609306,Clouds
Sanaa,Jane Smith,6,Su-27,2500,5200,1710.7773727609306,1710.7773727609306,Clouds
Sanaa,Jane Smith,6,Eurofighter Typhoon,2495,5600,1810.7773727609306,1810.7773727609306,Clouds
Sanaa,Jane Smith,6,Rafale,2130,4700,1585.7773727609306,1585.7773727609306,Clouds
Sanaa,Jane Smith,6,F/A-18,1915,4900,1635.7773727609306,1635.7773727609306,Clouds
Sanaa,Michael Johnson,7,F-16,2400,5000,1661.0273727609306,1661.0273727609306,Clouds
Sanaa,Michael Johnson,7,F-35,3000,6000,1911.0273727609306,1911.0273727609306,Clouds
Sanaa,Michael Johnson,7,MiG-29,2450,4500,1536.0273727609306,1536.0273727609306,Clouds
Sanaa,Michael Johnson,7,Su-27,2500,5200,1711.0273727609306,1711.0273727609306,Clouds
Sanaa,Michael Johnson,7,Eurofighter Typhoon,2495,5600,1811.0273727609306,1811.0273727609306,Clouds
Sanaa,Michael Johnson,7,Rafale,2130,4700,1586.0273727609306,1586.0273727609306,Clouds
Sanaa,Michael Johnson,7,F/A-18,1915,4900,1636.0273727609306,1636.0273727609306,Clouds
Sanaa,Emily Davis,9,F-16,2400,5000,1661.5273727609306,1661.5273727609306,Clouds
Sanaa,Emily Davis,9,F-35,3000,6000,1911.5273727609306,1911.5273727609306,Clouds
Sanaa,Emily Davis,9,MiG-29,2450,4500,1536.5273727609306,1536.5273727609306,Clouds
Sanaa,Emily Davis,9,Su-27,2500,5200,1711.5273727609306,1711.5273727609306,Clouds
Sanaa,Emily Davis,9,Eurofighter Typhoon,2495,5600,1811.5273727609306,1811.5273727609306,Clouds
Sanaa,Emily Davis,9,Rafale,2130,4700,1586.5273727609306,1586.5273727609306,Clouds
Sanaa,Emily Davis,9,F/A-18,1915,4900,1636.5273727609306,1636.5273727609306,Clouds
Sanaa,Robert Brown,5,F-16,2400,5000,1660.5273727609306,1660.5273727609306,Clouds
Sanaa,Robert Brown,5,F-35,3000,6000,1910.5273727609306,1910.5273727609306,Clouds
Sanaa,Robert Brown,5,MiG-29,2450,4500,1535.5273727609306,1535.5273727609306,Clouds
Sanaa,Robert Brown,5,Su-27,2500,5200,1710.5273727609306,1710.5273727609306,Clouds
Sanaa,Robert Brown,5,Eurofighter Typhoon,2495,5600,1810.5273727609306,1810.5273727609306,Clouds
Sanaa,Robert Brown,5,Rafale,2130,4700,1585.5273727609306,1585.5273727609306,Clouds
Sanaa,Robert Brown,5,F/A-18,1915,4900,1635.5273727609306,1635.5273727609306,Clouds
Sanaa,Sarah Wilson,8,F-16,2400,5000,1661.2773727609306,1661.2773727609306,Clouds
Sanaa,Sarah Wilson,8,F-35,3000,6000,1911.2773727609306,1911.2773727609306,Clouds
Sanaa,Sarah Wilson,8,MiG-29,2450,4500,1536.2773727609306,1536.2773727609306,Clouds
Sanaa,Sarah Wilson,8,Su-27,2500,5200,1711.2773727609306,1711.2773727609306,Clouds
Sanaa,Sarah Wilson,8,Eurofighter Typhoon,2495,5600,1811.2773727609306,1811.2773727609306,Clouds
Sanaa,Sarah Wilson,8,Rafale,2130,4700,1586.2773727609306,1586.2773727609306,Clouds
Sanaa,Sarah Wilson,8,F/A-18,1915,4900,1636.2773727609306,1636.2773727609306,Clouds
Sanaa,David Lee,6,F-16,2400,5000,1660.7773727609306,1660.7773727609306,Clouds
Sanaa,David Lee,6,F-35,3000,6000,1910.7773727609306,1910.7773727609306,Clouds
Sanaa,David Lee,6,MiG-29,2450,4500,1535.7773727609306,1535.7773727609306,Clouds
Sanaa,David Lee,6,Su-27,2500,5200,1710.7773727609306,1710.7773727609306,Clouds
Sanaa,David Lee,6,Eurofighter Typhoon,2495,5600,1810.7773727609306,1810.7773727609306,Clouds
Sanaa,David Lee,6,Rafale,2130,4700,1585.7773727609306,1585.7773727609306,Clouds
Sanaa,David Lee,6,F/A-18,1915,4900,1635.7773727609306,1635.7773727609306,Clouds
Sanaa,Chris Walker,7,F-16,2400,5000,1661.0273727609306,1661.0273727609306,Clouds
Sanaa,Chris Walker,7,F-35,3000,6000,1911.0273727609306,1911.0273727609306,Clouds
Sanaa,Chris Walker,7,MiG-29,2450,4500,1536.0273727609306,1536.0273727609306,Clouds
Sanaa,Chris Walker,7,Su-27,2500,5200,1711.0273727609306,1711.0273727609306,Clouds
Sanaa,Chris Walker,7,Eurofighter Typhoon,2495,5600,1811.0273727609306,1811.0273727609306,Clouds
Sanaa,Chris Walker,7,Rafale,2130,4700,1586.0273727609306,1586.0273727609306,Clouds
Sanaa,Chris Walker,7,F/A-18,1915,4900,1636.0273727609306,1636.0273727609306,Clouds
Sanaa,Jessica Miller,10,F-16,2400,5000,1661.7773727609306,1661.7773727609306,Clouds
Sanaa,Jessica Miller,10,F-35,3000,6000,1911.7773727609306,1911.7773727609306,Clouds
Sanaa,Jessica Miller,10,MiG-29,2450,4500,1536.7773727609306,1536.7773727609306,Clouds
Sanaa,Jessica Miller,10,Su-27,2500,5200,1711.7773727609306,1711.7773727609306,Clouds
Sanaa,Jessica Miller,10,Eurofighter Typhoon,2495,5600,1811.7773727609306,1811.7773727609306,Clouds
Sanaa,Jessica Miller,10,Rafale,2130,4700,1586.7773727609306,1586.7773727609306,Clouds
Sanaa,Jessica Miller,10,F/A-18,1915,4900,1636.7773727609306,1636.7773727609306,Clouds
Sanaa,Daniel Harris,4,F-16,2400,5000,1660.2773727609306,1660.2773727609306,Clouds
Sanaa,Daniel Harris,4,F-35,3000,6000,1910.2773727609306,1910.2773727609306,Clouds
Sanaa,Daniel Harris,4,MiG-29,2450,4500,1535.2773727609306,1535.2773727609306,Clouds
Sanaa,Daniel Harris,4,Su-27,2500,5200,1710.2773727609306,1710.2773727609306,Clouds
Sanaa,Daniel Harris,4,Eurofighter Typhoon,2495,5600,1810.2773727609306,1810.2773727609306,Clouds
Sanaa,Daniel Harris,4,Rafale,2130,4700,1585.2773727609306,1585.2773727609306,Clouds
Sanaa,Daniel Harris,4,F/A-18,1915,4900,1635.2773727609306,1635.2773727609306,Clouds
Riyadh,John Doe,8,F-16,2400,5000,1528.6669805076053,1528.6669805076053,Clear
Riyadh,John Doe,8,F-35,3000,6000,1778.6669805076053,1778.6669805076053,Clear
Riyadh,John Doe,8,MiG-29,2450,4500,1403.6669805076053,1403.6669805076053,Clear
Riyadh,John Doe,8,Su-27,2500,5200,1578.6669805076053,1578.6669805076053,Clear
Riyadh,John Doe,8,Eurofighter Typhoon,2495,5600,1678.6669805076053,1678.6669805076053,Clear
Riyadh,John Doe,8,Rafale,2130,4700,1453.6669805076053,1453.6669805076053,Clear
Riyadh,John Doe,8,F/A-18,1915,4900,1503.6669805076053,1503.6669805076053,Clear
Riyadh,Jane Smith,6,F-16,2400,5000,1528.1669805076053,1528.1669805076053,Clear
Riyadh,Jane Smith,6,F-35,3000,6000,1778.1669805076053,1778.1669805076053,Clear
Riyadh,Jane Smith,6,MiG-29,2450,4500,1403.1669805076053,1403.1669805076053,Clear
Riyadh,Jane Smith,6,Su-27,2500,5200,1578.1669805076053,1578.1669805076053,Clear
Riyadh,Jane Smith,6,Eurofighter Typhoon,2495,5600,1678.1669805076053,1678.1669805076053,Clear
Riyadh,Jane Smith,6,Rafale,2130,4700,1453.1669805076053,1453.1669805076053,Clear
Riyadh,Jane Smith,6,F/A-18,1915,4900,1503.1669805076053,1503.1669805076053,Clear
Riyadh,Michael Johnson,7,F-16,2400,5000,1528.4169805076053,1528.4169805076053,Clear
Riyadh,Michael Johnson,7,F-35,3000,6000,1778.4169805076053,1778.4169805076053,Clear
Riyadh,Michael Johnson,7,MiG-29,2450,4500,1403.4169805076053,1403.4169805076053,Clear
Riyadh,Michael Johnson,7,Su-27,2500,5200,1578.4169805076053,1578.4169805076053,Clear
Riyadh,Michael Johnson,7,Eurofighter Typhoon,2495,5600,1678.4169805076053,1678.4169805076053,Clear
Riyadh,Michael Johnson,7,Rafale,2130,4700,1453.4169805076053,1453.4169805076053,Clear
Riyadh,Michael Johnson,7,F/A-18,1915,4900,1503.4169805076053,1503.4169805076053,Clear
Riyadh,Emily Davis,9,F-16,2400,5000,1528.9169805076053,1528.9169805076053,Clear
Riyadh,Emily Davis,9,F-35,3000,6000,1778.9169805076053,1778.9169805076053,Clear
Riyadh,Emily Davis,9,MiG-29,2450,4500,1403.9169805076053,1403.9169805076053,Clear
Riyadh,Emily Davis,9,Su-27,2500,5200,1578.9169805076053,1578.9169805076053,Clear
Riyadh,Emily Davis,9,Eurofighter Typhoon,2495,5600,1678.9169805076053,1678.9169805076053,Clear
Riyadh,Emily Davis,9,Rafale,2130,4700,1453.9169805076053,1453.9169805076053,Clear
Riyadh,Emily Davis,9,F/A-18,1915,4900,1503.9169805076053,1503.9169805076053,Clear
Riyadh,Robert Brown,5,F-16,2400,5000,1527.9169805076053,1527.9169805076053,Clear
Riyadh,Robert Brown,5,F-35,3000,6000,1777.9169805076053,1777.9169805076053,Clear
Riyadh,Robert Brown,5,MiG-29,2450,4500,1402.9169805076053,1402.9169805076053,Clear
Riyadh,Robert Brown,5,Su-27,2500,5200,1577.9169805076053,1577.9169805076053,Clear
Riyadh,Robert Brown,5,Eurofighter Typhoon,2495,5600,1677.9169805076053,1677.9169805076053,Clear
Riyadh,Robert Brown,5,Rafale,2130,4700,1452.9169805076053,1452.9169805076053,Clear
Riyadh,Robert Brown,5,F/A-18,1915,4900,1502.9169805076053,1502.9169805076053,Clear
Riyadh,Sarah Wilson,8,F-16,2400,5000,1528.6669805076053,1528.6669805076053,Clear
Riyadh,Sarah Wilson,8,F-35,3000,6000,1778.6669805076053,1778.6669805076053,Clear
Riyadh,Sarah Wilson,8,MiG-29,2450,4500,1403.6669805076053,1403.6669805076053,Clear
Riyadh,Sarah Wilson,8,Su-27,2500,5200,1578.6669805076053,1578.6669805076053,Clear
Riyadh,Sarah Wilson,8,Eurofighter Typhoon,2495,5600,1678.6669805076053,1678.6669805076053,Clear
Riyadh,Sarah Wilson,8,Rafale,2130,4700,1453.6669805076053,1453.6669805076053,Clear
Riyadh,Sarah Wilson,8,F/A-18,1915,4900,1503.6669805076053,1503.6669805076053,Clear
Riyadh,David Lee,6,F-16,2400,5000,1528.1669805076053,1528.1669805076053,Clear
Riyadh,David Lee,6,F-35,3000,6000,1778.1669805076053,1778.1669805076053,Clear
Riyadh,David Lee,6,MiG-29,2450,4500,1403.1669805076053,1403.1669805076053,Clear
Riyadh,David Lee,6,Su-27,2500,5200,1578.1669805076053,1578.1669805076053,Clear
Riyadh,David Lee,6,Eurofighter Typhoon,2495,5600,1678.1669805076053,1678.1669805076053,Clear
Riyadh,David Lee,6,Rafale,2130,4700,1453.1669805076053,1453.1669805076053,Clear
Riyadh,David Lee,6,F/A-18,1915,4900,1503.1669805076053,1503.1669805076053,Clear
Riyadh,Chris Walker,7,F-16,2400,5000,1528.4169805076053,1528.4169805076053,Clear
Riyadh,Chris Walker,7,F-35,3000,6000,1778.4169805076053,1778.4169805076053,Clear
Riyadh,Chris Walker,7,MiG-29,2450,4500,1403.4169805076053,1403.4169805076053,Clear
Riyadh,Chris Walker,7,Su-27,2500,5200,1578.4169805076053,1578.4169805076053,Clear
Riyadh,Chris Walker,7,Eurofighter Typhoon,2495,5600,1678.4169805076053,1678.4169805076053,Clear
Riyadh,Chris Walker,7,Rafale,2130,4700,1453.4169805076053,1453.4169805076053,Clear
Riyadh,Chris Walker,7,F/A-18,1915,4900,1503.4169805076053,1503.4169805076053,Clear
Riyadh,Jessica Miller,10,F-16,2400,5000,1529.1669805076053,1529.1669805076053,Clear
Riyadh,Jessica Miller,10,F-35,3000,6000,1779.1669805076053,1779.1669805076053,Clear
Riyadh,Jessica Miller,10,MiG-29,2450,4500,1404.1669805076053,1404.1669805076053,Clear
Riyadh,Jessica Miller,10,Su-27,2500,5200,1579.1669805076053,1579.1669805076053,Clear
Riyadh,Jessica Miller,10,Eurofighter Typhoon,2495,5600,1679.1669805076053,1679.1669805076053,Clear
Riyadh,Jessica Miller,10,Rafale,2130,4700,1454.1669805076053,1454.1669805076053,Clear
Riyadh,Jessica Miller,10,F/A-18,1915,4900,1504.1669805076053,1504.1669805076053,Clear
Riyadh,Daniel Harris,4,F-16,2400,5000,1527.6669805076053,1527.6669805076053,Clear
Riyadh,Daniel Harris,4,F-35,3000,6000,1777.6669805076053,1777.6669805076053,Clear
Riyadh,Daniel Harris,4,MiG-29,2450,4500,1402.6669805076053,1402.6669805076053,Clear
Riyadh,Daniel Harris,4,Su-27,2500,5200,1577.6669805076053,1577.6669805076053,Clear
Riyadh,Daniel Harris,4,Eurofighter Typhoon,2495,5600,1677.6669805076053,1677.6669805076053,Clear
Riyadh,Daniel Harris,4,Rafale,2130,4700,1452.6669805076053,1452.6669805076053,Clear
Riyadh,Daniel Harris,4,F/A-18,1915,4900,1502.6669805076053,1502.6669805076053,Clear
Cairo,John Doe,8,F-16,2400,5000,1338.267936677458,1338.267936677458,Clouds
Cairo,John Doe,8,F-35,3000,6000,1588.267936677458,1588.267936677458,Clouds
Cairo,John Doe,8,MiG-29,2450,4500,1213.267936677458,1213.267936677458,Clouds
Cairo,John Doe,8,Su-27,2500,5200,1388.267936677458,1388.267936677458,Clouds
Cairo,John Doe,8,Eurofighter Typhoon,2495,5600,1488.267936677458,1488.267936677458,Clouds
Cairo,John Doe,8,Rafale,2130,4700,1263.267936677458,1263.267936677458,Clouds
Cairo,John Doe,8,F/A-18,1915,4900,1313.267936677458,1313.267936677458,Clouds
Cairo,Jane Smith,6,F-16,2400,5000,1337.767936677458,1337.767936677458,Clouds
Cairo,Jane Smith,6,F-35,3000,6000,1587.767936677458,1587.767936677458,Clouds
Cairo,Jane Smith,6,MiG-29,2450,4500,1212.767936677458,1212.767936677458,Clouds
Cairo,Jane Smith,6,Su-27,2500,5200,1387.767936677458,1387.767936677458,Clouds
Cairo,Jane Smith,6,Eurofighter Typhoon,2495,5600,1487.767936677458,1487.767936677458,Clouds
Cairo,Jane Smith,6,Rafale,2130,4700,1262.767936677458,1262.767936677458,Clouds
Cairo,Jane Smith,6,F/A-18,1915,4900,1312.767936677458,1312.767936677458,Clouds
Cairo,Michael Johnson,7,F-16,2400,5000,1338.017936677458,1338.017936677458,Clouds
Cairo,Michael Johnson,7,F-35,3000,6000,1588.017936677458,1588.017936677458,Clouds
Cairo,Michael Johnson,7,MiG-29,2450,4500,1213.017936677458,1213.017936677458,Clouds
Cairo,Michael Johnson,7,Su-27,2500,5200,1388.017936677458,1388.017936677458,Clouds
Cairo,Michael Johnson,7,Eurofighter Typhoon,2495,5600,1488.017936677458,1488.017936677458,Clouds
Cairo,Michael Johnson,7,Rafale,2130,4700,1263.017936677458,1263.017936677458,Clouds
Cairo,Michael Johnson,7,F/A-18,1915,4900,1313.017936677458,1313.017936677458,Clouds
Cairo,Emily Davis,9,F-16,2400,5000,1338.517936677458,1338.517936677458,Clouds
Cairo,Emily Davis,9,F-35,3000,6000,1588.517936677458,1588.517936677458,Clouds
Cairo,Emily Davis,9,MiG-29,2450,4500,1213.517936677458,1213.517936677458,Clouds
Cairo,Emily Davis,9,Su-27,2500,5200,1388.517936677458,1388.517936677458,Clouds
Cairo,Emily Davis,9,Eurofighter Typhoon,2495,5600,1488.517936677458,1488.517936677458,Clouds
Cairo,Emily Davis,9,Rafale,2130,4700,1263.517936677458,1263.517936677458,Clouds
Cairo,Emily Davis,9,F/A-18,1915,4900,1313.517936677458,1313.517936677458,Clouds
Cairo,Robert Brown,5,F-16,2400,5000,1337.517936677458,1337.517936677458,Clouds
Cairo,Robert Brown,5,F-35,3000,6000,1587.517936677458,1587.517936677458,Clouds
Cairo,Robert Brown,5,MiG-29,2450,4500,1212.517936677458,1212.517936677458,Clouds
Cairo,Robert Brown,5,Su-27,2500,5200,1387.517936677458,1387.517936677458,Clouds
Cairo,Robert Brown,5,Eurofighter Typhoon,2495,5600,1487.517936677458,1487.517936677458,Clouds
Cairo,Robert Brown,5,Rafale,2130,4700,1262.517936677458,1262.517936677458,Clouds
Cairo,Robert Brown,5,F/A-18,1915,4900,1312.517936677458,1312.517936677458,Clouds
Cairo,Sarah Wilson,8,F-16,2400,5000,1338.267936677458,1338.267936677458,Clouds
Cairo,Sarah Wilson,8,F-35,3000,6000,1588.267936677458,1588.267936677458,Clouds
Cairo,Sarah Wilson,8,MiG-29,2450,4500,1213.267936677458,1213.267936677458,Clouds
Cairo,Sarah Wilson,8,Su-27,2500,5200,1388.267936677458,1388.267936677458,Clouds
Cairo,Sarah Wilson,8,Eurofighter Typhoon,2495,5600,1488.267936677458,1488.267936677458,Clouds
Cairo,Sarah Wilson,8,Rafale,2130,4700,1263.267936677458,1263.267936677458,Clouds
Cairo,Sarah Wilson,8,F/A-18,1915,4900,1313.267936677458,1313.267936677458,Clouds
Cairo,David Lee,6,F-16,2400,5000,1337.767936677458,1337.767936677458,Clouds
Cairo,David Lee,6,F-35,3000,6000,1587.767936677458,1587.767936677458,Clouds
Cairo,David Lee,6,MiG-29,2450,4500,1212.767936677458,1212.767936677458,Clouds
Cairo,David Lee,6,Su-27,2500,5200,1387.767936677458,1387.767936677458,Clouds
Cairo,David Lee,6,Eurofighter Typhoon,2495,5600,1487.767936677458,1487.767936677458,Clouds
Cairo,David Lee,6,Rafale,2130,4700,1262.767936677458,1262.767936677458,Clouds
Cairo,David Lee,6,F/A-18,1915,4900,1312.767936677458,1312.767936677458,Clouds
Cairo,Chris Walker,7,F-16,2400,5000,1338.017936677458,1338.017936677458,Clouds
Cairo,Chris Walker,7,F-35,3000,6000,1588.017936677458,1588.017936677458,Clouds
Cairo,Chris Walker,7,MiG-29,2450,4500,1213.017936677458,1213.017936677458,Clouds
Cairo,Chris Walker,7,Su-27,2500,5200,1388.017936677458,1388.017936677458,Clouds
Cairo,Chris Walker,7,Eurofighter Typhoon,2495,5600,1488.017936677458,1488.017936677458,Clouds
Cairo,Chris Walker,7,Rafale,2130,4700,1263.017936677458,1263.017936677458,Clouds
Cairo,Chris Walker,7,F/A-18,1915,4900,1313.017936677458,1313.017936677458,Clouds
Cairo,Jessica Miller,10,F-16,2400,5000,1338.767936677458,1338.767936677458,Clouds
Cairo,Jessica Miller,10,F-35,3000,6000,1588.767936677458,1588.767936677458,Clouds
Cairo,Jessica Miller,10,MiG-29,2450,4500,1213.767936677458,1213.767936677458,Clouds
Cairo,Jessica Miller,10,Su-27,2500,5200,1388.767936677458,1388.767936677458,Clouds
Cairo,Jessica Miller,10,Eurofighter Typhoon,2495,5600,1488.767936677458,1488.767936677458,Clouds
Cairo,Jessica Miller,10,Rafale,2130,4700,1263.767936677458,1263.767936677458,Clouds
Cairo,Jessica Miller,10,F/A-18,1915,4900,1313.767936677458,1313.767936677458,Clouds
Cairo,Daniel Harris,4,F-16,2400,5000,1337.267936677458,1337.267936677458,Clouds
Cairo,Daniel Harris,4,F-35,3000,6000,1587.267936677458,1587.267936677458,Clouds
Cairo,Daniel Harris,4,MiG-29,2450,4500,1212.267936677458,1212.267936677458,Clouds
Cairo,Daniel Harris,4,Su-27,2500,5200,1387.267936677458,1387.267936677458,Clouds
Cairo,Daniel Harris,4,Eurofighter Typhoon,2495,5600,1487.267936677458,1487.267936677458,Clouds
Cairo,Daniel Harris,4,Rafale,2130,4700,1262.267936677458,1262.267936677458,Clouds
Cairo,Daniel Harris,4,F/A-18,1915,4900,1312.267936677458,1312.267936677458,Clouds
Beirut,John Doe,8,F-16,2400,5000,1299.9662978978204,1299.9662978978204,Clouds
Beirut,John Doe,8,F-35,3000,6000,1549.9662978978204,1549.9662978978204,Clouds
Beirut,John Doe,8,MiG-29,2450,4500,1174.9662978978204,1174.9662978978204,Clouds
Beirut,John Doe,8,Su-27,2500,5200,1349.9662978978204,1349.9662978978204,Clouds
Beirut,John Doe,8,Eurofighter Typhoon,2495,5600,1449.9662978978204,1449.9662978978204,Clouds
Beirut,John Doe,8,Rafale,2130,4700,1224.9662978978204,1224.9662978978204,Clouds
Beirut,John Doe,8,F/A-18,1915,4900,1274.9662978978204,1274.9662978978204,Clouds
Beirut,Jane Smith,6,F-16,2400,5000,1299.4662978978204,1299.4662978978204,Clouds
Beirut,Jane Smith,6,F-35,3000,6000,1549.4662978978204,1549.4662978978204,Clouds
Beirut,Jane Smith,6,MiG-29,2450,4500,1174.4662978978204,1174.4662978978204,Clouds
Beirut,Jane Smith,6,Su-27,2500,5200,1349.4662978978204,1349.4662978978204,Clouds
Beirut,Jane Smith,6,Eurofighter Typhoon,2495,5600,1449.4662978978204,1449.4662978978204,Clouds
Beirut,Jane Smith,6,Rafale,2130,4700,1224.4662978978204,1224.4662978978204,Clouds
Beirut,Jane Smith,6,F/A-18,1915,4900,1274.4662978978204,1274.4662978978204,Clouds
Beirut,Michael Johnson,7,F-16,2400,5000,1299.7162978978204,1299.7162978978204,Clouds
Beirut,Michael Johnson,7,F-35,3000,6000,1549.7162978978204,1549.7162978978204,Clouds
Beirut,Michael Johnson,7,MiG-29,2450,4500,1174.7162978978204,1174.7162978978204,Clouds
Beirut,Michael Johnson,7,Su-27,2500,5200,1349.7162978978204,1349.7162978978204,Clouds
Beirut,Michael Johnson,7,Eurofighter Typhoon,2495,5600,1449.7162978978204,1449.7162978978204,Clouds
Beirut,Michael Johnson,7,Rafale,2130,4700,1224.7162978978204,1224.7162978978204,Clouds
Beirut,Michael Johnson,7,F/A-18,1915,4900,1274.7162978978204,1274.7162978978204,Clouds
Beirut,Emily Davis,9,F-16,2400,5000,1300.2162978978204,1300.2162978978204,Clouds
Beirut,Emily Davis,9,F-35,3000,6000,1550.2162978978204,1550.2162978978204,Clouds
Beirut,Emily Davis,9,MiG-29,2450,4500,1175.2162978978204,1175.2162978978204,Clouds
Beirut,Emily Davis,9,Su-27,2500,5200,1350.2162978978204,1350.2162978978204,Clouds
Beirut,Emily Davis,9,Eurofighter Typhoon,2495,5600,1450.2162978978204,1450.2162978978204,Clouds
Beirut,Emily Davis,9,Rafale,2130,4700,1225.2162978978204,1225.2162978978204,Clouds
Beirut,Emily Davis,9,F/A-18,1915,4900,1275.2162978978204,1275.2162978978204,Clouds
Beirut,Robert Brown,5,F-16,2400,5000,1299.2162978978204,1299.2162978978204,Clouds
Beirut,Robert Brown,5,F-35,3000,6000,1549.2162978978204,1549.2162978978204,Clouds
Beirut,Robert Brown,5,MiG-29,2450,4500,1174.2162978978204,1174.2162978978204,Clouds
Beirut,Robert Brown,5,Su-27,2500,5200,1349.2162978978204,1349.2162978978204,Clouds
Beirut,Robert Brown,5,Eurofighter Typhoon,2495,5600,1449.2162978978204,1449.2162978978204,Clouds
Beirut,Robert Brown,5,Rafale,2130,4700,1224.2162978978204,1224.2162978978204,Clouds
Beirut,Robert Brown,5,F/A-18,1915,4900,1274.2162978978204,1274.2162978978204,Clouds
Beirut,Sarah Wilson,8,F-16,2400,5000,1299.9662978978204,1299.9662978978204,Clouds
Beirut,Sarah Wilson,8,F-35,3000,6000,1549.9662978978204,1549.9662978978204,Clouds
Beirut,Sarah Wilson,8,MiG-29,2450,4500,1174.9662978978204,1174.9662978978204,Clouds
Beirut,Sarah Wilson,8,Su-27,2500,5200,1349.9662978978204,1349.9662978978204,Clouds
Beirut,Sarah Wilson,8,Eurofighter Typhoon,2495,5600,1449.9662978978204,1449.9662978978204,Clouds
Beirut,Sarah Wilson,8,Rafale,2130,4700,1224.9662978978204,1224.9662978978204,Clouds
Beirut,Sarah Wilson,8,F/A-18,1915,4900,1274.9662978978204,1274.9662978978204,Clouds
Beirut,David Lee,6,F-16,2400,5000,1299.4662978978204,1299.4662978978204,Clouds
Beirut,David Lee,6,F-35,3000,6000,1549.4662978978204,1549.4662978978204,Clouds
Beirut,David Lee,6,MiG-29,2450,4500,1174.4662978978204,1174.4662978978204,Clouds
Beirut,David Lee,6,Su-27,2500,5200,1349.4662978978204,1349.4662978978204,Clouds
Beirut,David Lee,6,Eurofighter Typhoon,2495,5600,1449.4662978978204,1449.4662978978204,Clouds
Beirut,David Lee,6,Rafale,2130,4700,1224.4662978978204,1224.4662978978204,Clouds
Beirut,David Lee,6,F/A-18,1915,4900,1274.4662978978204,1274.4662978978204,Clouds
Beirut,Chris Walker,7,F-16,2400,5000,1299.7162978978204,1299.7162978978204,Clouds
Beirut,Chris Walker,7,F-35,3000,6000,1549.7162978978204,1549.7162978978204,Clouds
Beirut,Chris Walker,7,MiG-29,2450,4500,1174.7162978978204,1174.7162978978204,Clouds
Beirut,Chris Walker,7,Su-27,2500,5200,1349.7162978978204,1349.7162978978204,Clouds
Beirut,Chris Walker,7,Eurofighter Typhoon,2495,5600,1449.7162978978204,1449.7162978978204,Clouds
Beirut,Chris Walker,7,Rafale,2130,4700,1224.7162978978204,1224.7162978978204,Clouds
Beirut,Chris Walker,7,F/A-18,1915,4900,1274.7162978978204,1274.7162978978204,Clouds
Beirut,Jessica Miller,10,F-16,2400,5000,1300.4662978978204,1300.4662978978204,Clouds
Beirut,Jessica Miller,10,F-35,3000,6000,1550.4662978978204,1550.4662978978204,Clouds
Beirut,Jessica Miller,10,MiG-29,2450,4500,1175.4662978978204,1175.4662978978204,Clouds
Beirut,Jessica Miller,10,Su-27,2500,5200,1350.4662978978204,1350.4662978978204,Clouds
Beirut,Jessica Miller,10,Eurofighter Typhoon,2495,5600,1450.4662978978204,1450.4662978978204,Clouds
Beirut,Jessica Miller,10,Rafale,2130,4700,1225.4662978978204,1225.4662978978204,Clouds
Beirut,Jessica Miller,10,F/A-18,1915,4900,1275.4662978978204,1275.4662978978204,Clouds
Beirut,Daniel Harris,4,F-16,2400,5000,1298.9662978978204,1298.9662978978204,Clouds
Beirut,Daniel Harris,4,F-35,3000,6000,1548.9662978978204,1548.9662978978204,Clouds
Beirut,Daniel Harris,4,MiG-29,2450,4500,1173.9662978978204,1173.9662978978204,Clouds
Beirut,Daniel Harris,4,Su-27,2500,5200,1348.9662978978204,1348.9662978978204,Clouds
Beirut,Daniel Harris,4,Eurofighter Typhoon,2495,5600,1448.9662978978204,1448.9662978978204,Clouds
Beirut,Daniel Harris,4,Rafale,2130,4700,1223.9662978978204,1223.9662978978204,Clouds
Beirut,Daniel Harris,4,F/A-18,1915,4900,1273.9662978978204,1273.9662978978204,Clouds
Amman,John Doe,8,F-16,2400,5000,1266.8845842982348,1266.8845842982348,Clear
Amman,John Doe,8,F-35,3000,6000,1516.8845842982348,1516.8845842982348,Clear
Amman,John Doe,8,MiG-29,2450,4500,1141.8845842982348,1141.8845842982348,Clear
Amman,John Doe,8,Su-27,2500,5200,1316.8845842982348,1316.8845842982348,Clear
Amman,John Doe,8,Eurofighter Typhoon,2495,5600,1416.8845842982348,1416.8845842982348,Clear
Amman,John Doe,8,Rafale,2130,4700,1191.8845842982348,1191.8845842982348,Clear
Amman,John Doe,8,F/A-18,1915,4900,1241.8845842982348,1241.8845842982348,Clear
Amman,Jane Smith,6,F-16,2400,5000,1266.3845842982348,1266.3845842982348,Clear
Amman,Jane Smith,6,F-35,3000,6000,1516.3845842982348,1516.3845842982348,Clear
Amman,Jane Smith,6,MiG-29,2450,4500,1141.3845842982348,1141.3845842982348,Clear
Amman,Jane Smith,6,Su-27,2500,5200,1316.3845842982348,1316.3845842982348,Clear
Amman,Jane Smith,6,Eurofighter Typhoon,2495,5600,1416.3845842982348,1416.3845842982348,Clear
Amman,Jane Smith,6,Rafale,2130,4700,1191.3845842982348,1191.3845842982348,Clear
Amman,Jane Smith,6,F/A-18,1915,4900,1241.3845842982348,1241.3845842982348,Clear
Amman,Michael Johnson,7,F-16,2400,5000,1266.6345842982348,1266.6345842982348,Clear
Amman,Michael Johnson,7,F-35,3000,6000,1516.6345842982348,1516.6345842982348,Clear
Amman,Michael Johnson,7,MiG-29,2450,4500,1141.6345842982348,1141.6345842982348,Clear
Amman,Michael Johnson,7,Su-27,2500,5200,1316.6345842982348,1316.6345842982348,Clear
Amman,Michael Johnson,7,Eurofighter Typhoon,2495,5600,1416.6345842982348,1416.6345842982348,Clear
Amman,Michael Johnson,7,Rafale,2130,4700,1191.6345842982348,1191.6345842982348,Clear
Amman,Michael Johnson,7,F/A-18,1915,4900,1241.6345842982348,1241.6345842982348,Clear
Amman,Emily Davis,9,F-16,2400,5000,1267.1345842982348,1267.1345842982348,Clear
Amman,Emily Davis,9,F-35,3000,6000,1517.1345842982348,1517.1345842982348,Clear
Amman,Emily Davis,9,MiG-29,2450,4500,1142.1345842982348,1142.1345842982348,Clear
Amman,Emily Davis,9,Su-27,2500,5200,1317.1345842982348,1317.1345842982348,Clear
Amman,Emily Davis,9,Eurofighter Typhoon,2495,5600,1417.1345842982348,1417.1345842982348,Clear
Amman,Emily Davis,9,Rafale,2130,4700,1192.1345842982348,1192.1345842982348,Clear
Amman,Emily Davis,9,F/A-18,1915,4900,1242.1345842982348,1242.1345842982348,Clear
Amman,Robert Brown,5,F-16,2400,5000,1266.1345842982348,1266.1345842982348,Clear
Amman,Robert Brown,5,F-35,3000,6000,1516.1345842982348,1516.1345842982348,Clear
Amman,Robert Brown,5,MiG-29,2450,4500,1141.1345842982348,1141.1345842982348,Clear
Amman,Robert Brown,5,Su-27,2500,5200,1316.1345842982348,1316.1345842982348,Clear
Amman,Robert Brown,5,Eurofighter Typhoon,2495,5600,1416.1345842982348,1416.1345842982348,Clear
Amman,Robert Brown,5,Rafale,2130,4700,1191.1345842982348,1191.1345842982348,Clear
Amman,Robert Brown,5,F/A-18,1915,4900,1241.1345842982348,1241.1345842982348,Clear
Amman,Sarah Wilson,8,F-16,2400,5000,1266.8845842982348,1266.8845842982348,Clear
Amman,Sarah Wilson,8,F-35,3000,6000,1516.8845842982348,1516.8845842982348,Clear
Amman,Sarah Wilson,8,MiG-29,2450,4500,1141.8845842982348,1141.8845842982348,Clear
Amman,Sarah Wilson,8,Su-27,2500,5200,1316.8845842982348,1316.8845842982348,Clear
Amman,Sarah Wilson,8,Eurofighter Typhoon,2495,5600,1416.8845842982348,1416.8845842982348,Clear
Amman,Sarah Wilson,8,Rafale,2130,4700,1191.8845842982348,1191.8845842982348,Clear
Amman,Sarah Wilson,8,F/A-18,1915,4900,1241.8845842982348,1241.8845842982348,Clear
Amman,David Lee,6,F-16,2400,5000,1266.3845842982348,1266.3845842982348,Clear
Amman,David Lee,6,F-35,3000,6000,1516.3845842982348,1516.3845842982348,Clear
Amman,David Lee,6,MiG-29,2450,4500,1141.3845842982348,1141.3845842982348,Clear
Amman,David Lee,6,Su-27,2500,5200,1316.3845842982348,1316.3845842982348,Clear
Amman,David Lee,6,Eurofighter Typhoon,2495,5600,1416.3845842982348,1416.3845842982348,Clear
Amman,David Lee,6,Rafale,2130,4700,1191.3845842982348,1191.3845842982348,Clear
Amman,David Lee,6,F/A-18,1915,4900,1241.3845842982348,1241.3845842982348,Clear
Amman,Chris Walker,7,F-16,2400,5000,1266.6345842982348,1266.6345842982348,Clear
Amman,Chris Walker,7,F-35,3000,6000,1516.6345842982348,1516.6345842982348,Clear
Amman,Chris Walker,7,MiG-29,2450,4500,1141.6345842982348,1141.6345842982348,Clear
Amman,Chris Walker,7,Su-27,2500,5200,1316.6345842982348,1316.6345842982348,Clear
Amman,Chris Walker,7,Eurofighter Typhoon,2495,5600,1416.6345842982348,1416.6345842982348,Clear
Amman,Chris Walker,7,Rafale,2130,4700,1191.6345842982348,1191.6345842982348,Clear
Amman,Chris Walker,7,F/A-18,1915,4900,1241.6345842982348,1241.6345842982348,Clear
Amman,Jessica Miller,10,F-16,2400,5000,1267.3845842982348,1267.3845842982348,Clear
Amman,Jessica Miller,10,F-35,3000,6000,1517.3845842982348,1517.3845842982348,Clear
Amman,Jessica Miller,10,MiG-29,2450,4500,1142.3845842982348,1142.3845842982348,Clear
Amman,Jessica Miller,10,Su-27,2500,5200,1317.3845842982348,1317.3845842982348,Clear
Amman,Jessica Miller,10,Eurofighter Typhoon,2495,5600,1417.3845842982348,1417.3845842982348,Clear
Amman,Jessica Miller,10,Rafale,2130,4700,1192.3845842982348,1192.3845842982348,Clear
Amman,Jessica Miller,10,F/A-18,1915,4900,1242.3845842982348,1242.3845842982348,Clear
Amman,Daniel Harris,4,F-16,2400,5000,1265.8845842982348,1265.8845842982348,Clear
Amman,Daniel Harris,4,F-35,3000,6000,1515.8845842982348,1515.8845842982348,Clear
Amman,Daniel Harris,4,MiG-29,2450,4500,1140.8845842982348,1140.8845842982348,Clear
Amman,Daniel Harris,4,Su-27,2500,5200,1315.8845842982348,1315.8845842982348,Clear
Amman,Daniel Harris,4,Eurofighter Typhoon,2495,5600,1415.8845842982348,1415.8845842982348,Clear
Amman,Daniel Harris,4,Rafale,2130,4700,1190.8845842982348,1190.8845842982348,Clear
Amman,Daniel Harris,4,F/A-18,1915,4900,1240.8845842982348,1240.8845842982348,Clear
Tripoli,John Doe,8,F-16,2400,5000,1666.6544960550004,1666.6544960550004,Clouds
Tripoli,John Doe,8,F-35,3000,6000,1916.6544960550004,1916.6544960550004,Clouds
Tripoli,John Doe,8,MiG-29,2450,4500,1541.6544960550004,1541.6544960550004,Clouds
Tripoli,John Doe,8,Su-27,2500,5200,1716.6544960550004,1716.6544960550004,Clouds
Tripoli,John Doe,8,Eurofighter Typhoon,2495,5600,1816.6544960550004,1816.6544960550004,Clouds
Tripoli,John Doe,8,Rafale,2130,4700,1591.6544960550004,1591.6544960550004,Clouds
Tripoli,John Doe,8,F/A-18,1915,4900,1641.6544960550004,1641.6544960550004,Clouds
Tripoli,Jane Smith,6,F-16,2400,5000,1666.1544960550004,1666.1544960550004,Clouds
Tripoli,Jane Smith,6,F-35,3000,6000,1916.1544960550004,1916.1544960550004,Clouds
Tripoli,Jane Smith,6,MiG-29,2450,4500,1541.1544960550004,1541.1544960550004,Clouds
Tripoli,Jane Smith,6,Su-27,2500,5200,1716.1544960550004,1716.1544960550004,Clouds
Tripoli,Jane Smith,6,Eurofighter Typhoon,2495,5600,1816.1544960550004,1816.1544960550004,Clouds
Tripoli,Jane Smith,6,Rafale,2130,4700,1591.1544960550004,1591.1544960550004,Clouds
Tripoli,Jane Smith,6,F/A-18,1915,4900,1641.1544960550004,1641.1544960550004,Clouds
Tripoli,Michael Johnson,7,F-16,2400,5000,1666.4044960550004,1666.4044960550004,Clouds
Tripoli,Michael Johnson,7,F-35,3000,6000,1916.4044960550004,1916.4044960550004,Clouds
Tripoli,Michael Johnson,7,MiG-29,2450,4500,1541.4044960550004,1541.4044960550004,Clouds
Tripoli,Michael Johnson,7,Su-27,2500,5200,1716.4044960550004,1716.4044960550004,Clouds
Tripoli,Michael Johnson,7,Eurofighter Typhoon,2495,5600,1816.4044960550004,1816.4044960550004,Clouds
Tripoli,Michael Johnson,7,Rafale,2130,4700,1591.4044960550004,1591.4044960550004,Clouds
Tripoli,Michael Johnson,7,F/A-18,1915,4900,1641.4044960550004,1641.4044960550004,Clouds
Tripoli,Emily Davis,9,F-16,2400,5000,1666.9044960550004,1666.9044960550004,Clouds
Tripoli,Emily Davis,9,F-35,3000,6000,1916.9044960550004,1916.9044960550004,Clouds
Tripoli,Emily Davis,9,MiG-29,2450,4500,1541.9044960550004,1541.9044960550004,Clouds
Tripoli,Emily Davis,9,Su-27,2500,5200,1716.9044960550004,1716.9044960550004,Clouds
Tripoli,Emily Davis,9,Eurofighter Typhoon,2495,5600,1816.9044960550004,1816.9044960550004,Clouds
Tripoli,Emily Davis,9,Rafale,2130,4700,1591.9044960550004,1591.9044960550004,Clouds
Tripoli,Emily Davis,9,F/A-18,1915,4900,1641.9044960550004,1641.9044960550004,Clouds
Tripoli,Robert Brown,5,F-16,2400,5000,1665.9044960550004,1665.9044960550004,Clouds
Tripoli,Robert Brown,5,F-35,3000,6000,1915.9044960550004,1915.9044960550004,Clouds
Tripoli,Robert Brown,5,MiG-29,2450,4500,1540.9044960550004,1540.9044960550004,Clouds
Tripoli,Robert Brown,5,Su-27,2500,5200,1715.9044960550004,1715.9044960550004,Clouds
Tripoli,Robert Brown,5,Eurofighter Typhoon,2495,5600,1815.9044960550004,1815.9044960550004,Clouds
Tripoli,Robert Brown,5,Rafale,2130,4700,1590.9044960550004,1590.9044960550004,Clouds
Tripoli,Robert Brown,5,F/A-18,1915,4900,1640.9044960550004,1640.9044960550004,Clouds
Tripoli,Sarah Wilson,8,F-16,2400,5000,1666.6544960550004,1666.6544960550004,Clouds
Tripoli,Sarah Wilson,8,F-35,3000,6000,1916.6544960550004,1916.6544960550004,Clouds
Tripoli,Sarah Wilson,8,MiG-29,2450,4500,1541.6544960550004,1541.6544960550004,Clouds
Tripoli,Sarah Wilson,8,Su-27,2500,5200,1716.6544960550004,1716.6544960550004,Clouds
Tripoli,Sarah Wilson,8,Eurofighter Typhoon,2495,5600,1816.6544960550004,1816.6544960550004,Clouds
Tripoli,Sarah Wilson,8,Rafale,2130,4700,1591.6544960550004,1591.6544960550004,Clouds
Tripoli,Sarah Wilson,8,F/A-18,1915,4900,1641.6544960550004,1641.6544960550004,Clouds
Tripoli,David Lee,6,F-16,2400,5000,1666.1544960550004,1666.1544960550004,Clouds
Tripoli,David Lee,6,F-35,3000,6000,1916.1544960550004,1916.1544960550004,Clouds
Tripoli,David Lee,6,MiG-29,2450,4500,1541.1544960550004,1541.1544960550004,Clouds
Tripoli,David Lee,6,Su-27,2500,5200,1716.1544960550004,1716.1544960550004,Clouds
Tripoli,David Lee,6,Eurofighter Typhoon,2495,5600,1816.1544960550004,1816.1544960550004,Clouds
Tripoli,David Lee,6,Rafale,2130,4700,1591.1544960550004,1591.1544960550004,Clouds
Tripoli,David Lee,6,F/A-18,1915,4900,1641.1544960550004,1641.1544960550004,Clouds
Tripoli,Chris Walker,7,F-16,2400,5000,1666.4044960550004,1666.4044960550004,Clouds
Tripoli,Chris Walker,7,F-35,3000,6000,1916.4044960550004,1916.4044960550004,Clouds
Tripoli,Chris Walker,7,MiG-29,2450,4500,1541.4044960550004,1541.4044960550004,Clouds
Tripoli,Chris Walker,7,Su-27,2500,5200,1716.4044960550004,1716.4044960550004,Clouds
Tripoli,Chris Walker,7,Eurofighter Typhoon,2495,5600,1816.4044960550004,1816.4044960550004,Clouds
Tripoli,Chris Walker,7,Rafale,2130,4700,1591.4044960550004,1591.4044960550004,Clouds
Tripoli,Chris Walker,7,F/A-18,1915,4900,1641.4044960550004,1641.4044960550004,Clouds
Tripoli,Jessica Miller,10,F-16,2400,5000,1667.1544960550004,1667.1544960550004,Clouds
Tripoli,Jessica Miller,10,F-35,3000,6000,1917.1544960550004,1917.1544960550004,Clouds
Tripoli,Jessica Miller,10,MiG-29,2450,4500,1542.1544960550004,1542.1544960550004,Clouds
Tripoli,Jessica Miller,10,Su-27,2500,5200,1717.1544960550004,1717.1544960550004,Clouds
Tripoli,Jessica Miller,10,Eurofighter Typhoon,2495,5600,1817.1544960550004,1817.1544960550004,Clouds
Tripoli,Jessica Miller,10,Rafale,2130,4700,1592.1544960550004,1592.1544960550004,Clouds
Tripoli,Jessica Miller,10,F/A-18,1915,4900,1642.1544960550004,1642.1544960550004,Clouds
Tripoli,Daniel Harris,4,F-16,2400,5000,1665.6544960550004,1665.6544960550004,Clouds
Tripoli,Daniel Harris,4,F-35,3000,6000,1915.6544960550004,1915.6544960550004,Clouds
Tripoli,Daniel Harris,4,MiG-29,2450,4500,1540.6544960550004,1540.6544960550004,Clouds
Tripoli,Daniel Harris,4,Su-27,2500,5200,1715.6544960550004,1715.6544960550004,Clouds
Tripoli,Daniel Harris,4,Eurofighter Typhoon,2495,5600,1815.6544960550004,1815.6544960550004,Clouds
Tripoli,Daniel Harris,4,Rafale,2130,4700,1590.6544960550004,1590.6544960550004,Clouds
Tripoli,Daniel Harris,4,F/A-18,1915,4900,1640.6544960550004,1640.6544960550004,Clouds
Khartoum,John Doe,8,F-16,2400,5000,1617.4415097087283,1617.4415097087283,Clouds
Khartoum,John Doe,8,F-35,3000,6000,1867.4415097087283,1867.4415097087283,Clouds
Khartoum,John Doe,8,MiG-29,2450,4500,1492.4415097087283,1492.4415097087283,Clouds
Khartoum,John Doe,8,Su-27,2500,5200,1667.4415097087283,1667.4415097087283,Clouds
Khartoum,John Doe,8,Eurofighter Typhoon,2495,5600,1767.4415097087283,1767.4415097087283,Clouds
Khartoum,John Doe,8,Rafale,2130,4700,1542.4415097087283,1542.4415097087283,Clouds
Khartoum,John Doe,8,F/A-18,1915,4900,1592.4415097087283,1592.4415097087283,Clouds
Khartoum,Jane Smith,6,F-16,2400,5000,1616.9415097087283,1616.9415097087283,Clouds
Khartoum,Jane Smith,6,F-35,3000,6000,1866.9415097087283,1866.9415097087283,Clouds
Khartoum,Jane Smith,6,MiG-29,2450,4500,1491.9415097087283,1491.9415097087283,Clouds
Khartoum,Jane Smith,6,Su-27,2500,5200,1666.9415097087283,1666.9415097087283,Clouds
Khartoum,Jane Smith,6,Eurofighter Typhoon,2495,5600,1766.9415097087283,1766.9415097087283,Clouds
Khartoum,Jane Smith,6,Rafale,2130,4700,1541.9415097087283,1541.9415097087283,Clouds
Khartoum,Jane Smith,6,F/A-18,1915,4900,1591.9415097087283,1591.9415097087283,Clouds
Khartoum,Michael Johnson,7,F-16,2400,5000,1617.1915097087283,1617.1915097087283,Clouds
Khartoum,Michael Johnson,7,F-35,3000,6000,1867.1915097087283,1867.1915097087283,Clouds
Khartoum,Michael Johnson,7,MiG-29,2450,4500,1492.1915097087283,1492.1915097087283,Clouds
Khartoum,Michael Johnson,7,Su-27,2500,5200,1667.1915097087283,1667.1915097087283,Clouds
Khartoum,Michael Johnson,7,Eurofighter Typhoon,2495,5600,1767.1915097087283,1767.1915097087283,Clouds
Khartoum,Michael Johnson,7,Rafale,2130,4700,1542.1915097087283,1542.1915097087283,Clouds
Khartoum,Michael Johnson,7,F/A-18,1915,4900,1592.1915097087283,1592.1915097087283,Clouds
Khartoum,Emily Davis,9,F-16,2400,5000,1617.6915097087283,1617.6915097087283,Clouds
Khartoum,Emily Davis,9,F-35,3000,6000,1867.6915097087283,1867.6915097087283,Clouds
Khartoum,Emily Davis,9,MiG-29,2450,4500,1492.6915097087283,1492.6915097087283,Clouds
Khartoum,Emily Davis,9,Su-27,2500,5200,1667.6915097087283,1667.6915097087283,Clouds
Khartoum,Emily Davis,9,Eurofighter Typhoon,2495,5600,1767.6915097087283,1767.6915097087283,Clouds
Khartoum,Emily Davis,9,Rafale,2130,4700,1542.6915097087283,1542.6915097087283,Clouds
Khartoum,Emily Davis,9,F/A-18,1915,4900,1592.6915097087283,1592.6915097087283,Clouds
Khartoum,Robert Brown,5,F-16,2400,5000,1616.6915097087283,1616.6915097087283,Clouds
Khartoum,Robert Brown,5,F-35,3000,6000,1866.6915097087283,1866.6915097087283,Clouds
Khartoum,Robert Brown,5,MiG-29,2450,4500,1491.6915097087283,1491.6915097087283,Clouds
Khartoum,Robert Brown,5,Su-27,2500,5200,1666.6915097087283,1666.6915097087283,Clouds
Khartoum,Robert Brown,5,Eurofighter Typhoon,2495,5600,1766.6915097087283,1766.6915097087283,Clouds
Khartoum,Robert Brown,5,Rafale,2130,4700,1541.6915097087283,1541.6915097087283,Clouds
Khartoum,Robert Brown,5,F/A-18,1915,4900,1591.6915097087283,1591.6915097087283,Clouds
Khartoum,Sarah Wilson,8,F-16,2400,5000,1617.4415097087283,1617.4415097087283,Clouds
Khartoum,Sarah Wilson,8,F-35,3000,6000,1867.4415097087283,1867.4415097087283,Clouds
Khartoum,Sarah Wilson,8,MiG-29,2450,4500,1492.4415097087283,1492.4415097087283,Clouds
Khartoum,Sarah Wilson,8,Su-27,2500,5200,1667.4415097087283,1667.4415097087283,Clouds
Khartoum,Sarah Wilson,8,Eurofighter Typhoon,2495,5600,1767.4415097087283,1767.4415097087283,Clouds
Khartoum,Sarah Wilson,8,Rafale,2130,4700,1542.4415097087283,1542.4415097087283,Clouds
Khartoum,Sarah Wilson,8,F/A-18,1915,4900,1592.4415097087283,1592.4415097087283,Clouds
Khartoum,David Lee,6,F-16,2400,5000,1616.9415097087283,1616.9415097087283,Clouds
Khartoum,David Lee,6,F-35,3000,6000,1866.9415097087283,1866.9415097087283,Clouds
Khartoum,David Lee,6,MiG-29,2450,4500,1491.9415097087283,1491.9415097087283,Clouds
Khartoum,David Lee,6,Su-27,2500,5200,1666.9415097087283,1666.9415097087283,Clouds
Khartoum,David Lee,6,Eurofighter Typhoon,2495,5600,1766.9415097087283,1766.9415097087283,Clouds
Khartoum,David Lee,6,Rafale,2130,4700,1541.9415097087283,1541.9415097087283,Clouds
Khartoum,David Lee,6,F/A-18,1915,4900,1591.9415097087283,1591.9415097087283,Clouds
Khartoum,Chris Walker,7,F-16,2400,5000,1617.1915097087283,1617.1915097087283,Clouds
Khartoum,Chris Walker,7,F-35,3000,6000,1867.1915097087283,1867.1915097087283,Clouds
Khartoum,Chris Walker,7,MiG-29,2450,4500,1492.1915097087283,1492.1915097087283,Clouds
Khartoum,Chris Walker,7,Su-27,2500,5200,1667.1915097087283,1667.1915097087283,Clouds
Khartoum,Chris Walker,7,Eurofighter Typhoon,2495,5600,1767.1915097087283,1767.1915097087283,Clouds
Khartoum,Chris Walker,7,Rafale,2130,4700,1542.1915097087283,1542.1915097087283,Clouds
Khartoum,Chris Walker,7,F/A-18,1915,4900,1592.1915097087283,1592.1915097087283,Clouds
Khartoum,Jessica Miller,10,F-16,2400,5000,1617.9415097087283,1617.9415097087283,Clouds
Khartoum,Jessica Miller,10,F-35,3000,6000,1867.9415097087283,1867.9415097087283,Clouds
Khartoum,Jessica Miller,10,MiG-29,2450,4500,1492.9415097087283,1492.9415097087283,Clouds
Khartoum,Jessica Miller,10,Su-27,2500,5200,1667.9415097087283,1667.9415097087283,Clouds
Khartoum,Jessica Miller,10,Eurofighter Typhoon,2495,5600,1767.9415097087283,1767.9415097087283,Clouds
Khartoum,Jessica Miller,10,Rafale,2130,4700,1542.9415097087283,1542.9415097087283,Clouds
Khartoum,Jessica Miller,10,F/A-18,1915,4900,1592.9415097087283,1592.9415097087283,Clouds
Khartoum,Daniel Harris,4,F-16,2400,5000,1616.4415097087283,1616.4415097087283,Clouds
Khartoum,Daniel Harris,4,F-35,3000,6000,1866.4415097087283,1866.4415097087283,Clouds
Khartoum,Daniel Harris,4,MiG-29,2450,4500,1491.4415097087283,1491.4415097087283,Clouds
Khartoum,Daniel Harris,4,Su-27,2500,5200,1666.4415097087283,1666.4415097087283,Clouds
Khartoum,Daniel Harris,4,Eurofighter Typhoon,2495,5600,1766.4415097087283,1766.4415097087283,Clouds
Khartoum,Daniel Harris,4,Rafale,2130,4700,1541.4415097087283,1541.4415097087283,Clouds
Khartoum,Daniel Harris,4,F/A-18,1915,4900,1591.4415097087283,1591.4415097087283,Clouds
Mosul,John Doe,8,F-16,2400,5000,1430.3541060092925,1430.3541060092925,Clear
Mosul,John Doe,8,F-35,3000,6000,1680.3541060092925,1680.3541060092925,Clear
Mosul,John Doe,8,MiG-29,2450,4500,1305.3541060092925,1305.3541060092925,Clear
Mosul,John Doe,8,Su-27,2500,5200,1480.3541060092925,1480.3541060092925,Clear
Mosul,John Doe,8,Eurofighter Typhoon,2495,5600,1580.3541060092925,1580.3541060092925,Clear
Mosul,John Doe,8,Rafale,2130,4700,1355.3541060092925,1355.3541060092925,Clear
Mosul,John Doe,8,F/A-18,1915,4900,1405.3541060092925,1405.3541060092925,Clear
Mosul,Jane Smith,6,F-16,2400,5000,1429.8541060092925,1429.8541060092925,Clear
Mosul,Jane Smith,6,F-35,3000,6000,1679.8541060092925,1679.8541060092925,Clear
Mosul,Jane Smith,6,MiG-29,2450,4500,1304.8541060092925,1304.8541060092925,Clear
Mosul,Jane Smith,6,Su-27,2500,5200,1479.8541060092925,1479.8541060092925,Clear
Mosul,Jane Smith,6,Eurofighter Typhoon,2495,5600,1579.8541060092925,1579.8541060092925,Clear
Mosul,Jane Smith,6,Rafale,2130,4700,1354.8541060092925,1354.8541060092925,Clear
Mosul,Jane Smith,6,F/A-18,1915,4900,1404.8541060092925,1404.8541060092925,Clear
Mosul,Michael Johnson,7,F-16,2400,5000,1430.1041060092925,1430.1041060092925,Clear
Mosul,Michael Johnson,7,F-35,3000,6000,1680.1041060092925,1680.1041060092925,Clear
Mosul,Michael Johnson,7,MiG-29,2450,4500,1305.1041060092925,1305.1041060092925,Clear
Mosul,Michael Johnson,7,Su-27,2500,5200,1480.1041060092925,1480.1041060092925,Clear
Mosul,Michael Johnson,7,Eurofighter Typhoon,2495,5600,1580.1041060092925,1580.1041060092925,Clear
Mosul,Michael Johnson,7,Rafale,2130,4700,1355.1041060092925,1355.1041060092925,Clear
Mosul,Michael Johnson,7,F/A-18,1915,4900,1405.1041060092925,1405.1041060092925,Clear
Mosul,Emily Davis,9,F-16,2400,5000,1430.6041060092925,1430.6041060092925,Clear
Mosul,Emily Davis,9,F-35,3000,6000,1680.6041060092925,1680.6041060092925,Clear
Mosul,Emily Davis,9,MiG-29,2450,4500,1305.6041060092925,1305.6041060092925,Clear
Mosul,Emily Davis,9,Su-27,2500,5200,1480.6041060092925,1480.6041060092925,Clear
Mosul,Emily Davis,9,Eurofighter Typhoon,2495,5600,1580.6041060092925,1580.6041060092925,Clear
Mosul,Emily Davis,9,Rafale,2130,4700,1355.6041060092925,1355.6041060092925,Clear
Mosul,Emily Davis,9,F/A-18,1915,4900,1405.6041060092925,1405.6041060092925,Clear
Mosul,Robert Brown,5,F-16,2400,5000,1429.6041060092925,1429.6041060092925,Clear
Mosul,Robert Brown,5,F-35,3000,6000,1679.6041060092925,1679.6041060092925,Clear
Mosul,Robert Brown,5,MiG-29,2450,4500,1304.6041060092925,1304.6041060092925,Clear
Mosul,Robert Brown,5,Su-27,2500,5200,1479.6041060092925,1479.6041060092925,Clear
Mosul,Robert Brown,5,Eurofighter Typhoon,2495,5600,1579.6041060092925,1579.6041060092925,Clear
Mosul,Robert Brown,5,Rafale,2130,4700,1354.6041060092925,1354.6041060092925,Clear
Mosul,Robert Brown,5,F/A-18,1915,4900,1404.6041060092925,1404.6041060092925,Clear
Mosul,Sarah Wilson,8,F-16,2400,5000,1430.3541060092925,1430.3541060092925,Clear
Mosul,Sarah Wilson,8,F-35,3000,6000,1680.3541060092925,1680.3541060092925,Clear
Mosul,Sarah Wilson,8,MiG-29,2450,4500,1305.3541060092925,1305.3541060092925,Clear
Mosul,Sarah Wilson,8,Su-27,2500,5200,1480.3541060092925,1480.3541060092925,Clear
Mosul,Sarah Wilson,8,Eurofighter Typhoon,2495,5600,1580.3541060092925,1580.3541060092925,Clear
Mosul,Sarah Wilson,8,Rafale,2130,4700,1355.3541060092925,1355.3541060092925,Clear
Mosul,Sarah Wilson,8,F/A-18,1915,4900,1405.3541060092925,1405.3541060092925,Clear
Mosul,David Lee,6,F-16,2400,5000,1429.8541060092925,1429.8541060092925,Clear
Mosul,David Lee,6,F-35,3000,6000,1679.8541060092925,1679.8541060092925,Clear
Mosul,David Lee,6,MiG-29,2450,4500,1304.8541060092925,1304.8541060092925,Clear
Mosul,David Lee,6,Su-27,2500,5200,1479.8541060092925,1479.8541060092925,Clear
Mosul,David Lee,6,Eurofighter Typhoon,2495,5600,1579.8541060092925,1579.8541060092925,Clear
Mosul,David Lee,6,Rafale,2130,4700,1354.8541060092925,1354.8541060092925,Clear
Mosul,David Lee,6,F/A-18,1915,4900,1404.8541060092925,1404.8541060092925,Clear
Mosul,Chris Walker,7,F-16,2400,5000,1430.1041060092925,1430.1041060092925,Clear
Mosul,Chris Walker,7,F-35,3000,6000,1680.1041060092925,1680.1041060092925,Clear
Mosul,Chris Walker,7,MiG-29,2450,4500,1305.1041060092925,1305.1041060092925,Clear
Mosul,Chris Walker,7,Su-27,2500,5200,1480.1041060092925,1480.1041060092925,Clear
Mosul,Chris Walker,7,Eurofighter Typhoon,2495,5600,1580.1041060092925,1580.1041060092925,Clear
Mosul,Chris Walker,7,Rafale,2130,4700,1355.1041060092925,1355.1041060092925,Clear
Mosul,Chris Walker,7,F/A-18,1915,4900,1405.1041060092925,1405.1041060092925,Clear
Mosul,Jessica Miller,10,F-16,2400,5000,1430.8541060092925,1430.8541060092925,Clear
Mosul,Jessica Miller,10,F-35,3000,6000,1680.8541060092925,1680.8541060092925,Clear
Mosul,Jessica Miller,10,MiG-29,2450,4500,1305.8541060092925,1305.8541060092925,Clear
Mosul,Jessica Miller,10,Su-27,2500,5200,1480.8541060092925,1480.8541060092925,Clear
Mosul,Jessica Miller,10,Eurofighter Typhoon,2495,5600,1580.8541060092925,1580.8541060092925,Clear
Mosul,Jessica Miller,10,Rafale,2130,4700,1355.8541060092925,1355.8541060092925,Clear
Mosul,Jessica Miller,10,F/A-18,1915,4900,1405.8541060092925,1405.8541060092925,Clear
Mosul,Daniel Harris,4,F-16,2400,5000,1429.3541060092925,1429.3541060092925,Clear
Mosul,Daniel Harris,4,F-35,3000,6000,1679.3541060092925,1679.3541060092925,Clear
Mosul,Daniel Harris,4,MiG-29,2450,4500,1304.3541060092925,1304.3541060092925,Clear
Mosul,Daniel Harris,4,Su-27,2500,5200,1479.3541060092925,1479.3541060092925,Clear
Mosul,Daniel Harris,4,Eurofighter Typhoon,2495,5600,1579.3541060092925,1579.3541060092925,Clear
Mosul,Daniel Harris,4,Rafale,2130,4700,1354.3541060092925,1354.3541060092925,Clear
Mosul,Daniel Harris,4,F/A-18,1915,4900,1404.3541060092925,1404.3541060092925,Clear
Fallujah,John Doe,8,F-16,2400,5000,1417.3475495617142,1417.3475495617142,Clear
Fallujah,John Doe,8,F-35,3000,6000,1667.3475495617142,1667.3475495617142,Clear
Fallujah,John Doe,8,MiG-29,2450,4500,1292.3475495617142,1292.3475495617142,Clear
Fallujah,John Doe,8,Su-27,2500,5200,1467.3475495617142,1467.3475495617142,Clear
Fallujah,John Doe,8,Eurofighter Typhoon,2495,5600,1567.3475495617142,1567.3475495617142,Clear
Fallujah,John Doe,8,Rafale,2130,4700,1342.3475495617142,1342.3475495617142,Clear
Fallujah,John Doe,8,F/A-18,1915,4900,1392.3475495617142,1392.3475495617142,Clear
Fallujah,Jane Smith,6,F-16,2400,5000,1416.8475495617142,1416.8475495617142,Clear
Fallujah,Jane Smith,6,F-35,3000,6000,1666.8475495617142,1666.8475495617142,Clear
Fallujah,Jane Smith,6,MiG-29,2450,4500,1291.8475495617142,1291.8475495617142,Clear
Fallujah,Jane Smith,6,Su-27,2500,5200,1466.8475495617142,1466.8475495617142,Clear
Fallujah,Jane Smith,6,Eurofighter Typhoon,2495,5600,1566.8475495617142,1566.8475495617142,Clear
Fallujah,Jane Smith,6,Rafale,2130,4700,1341.8475495617142,1341.8475495617142,Clear
Fallujah,Jane Smith,6,F/A-18,1915,4900,1391.8475495617142,1391.8475495617142,Clear
Fallujah,Michael Johnson,7,F-16,2400,5000,1417.0975495617142,1417.0975495617142,Clear
Fallujah,Michael Johnson,7,F-35,3000,6000,1667.0975495617142,1667.0975495617142,Clear
Fallujah,Michael Johnson,7,MiG-29,2450,4500,1292.0975495617142,1292.0975495617142,Clear
Fallujah,Michael Johnson,7,Su-27,2500,5200,1467.0975495617142,1467.0975495617142,Clear
Fallujah,Michael Johnson,7,Eurofighter Typhoon,2495,5600,1567.0975495617142,1567.0975495617142,Clear
Fallujah,Michael Johnson,7,Rafale,2130,4700,1342.0975495617142,1342.0975495617142,Clear
Fallujah,Michael Johnson,7,F/A-18,1915,4900,1392.0975495617142,1392.0975495617142,Clear
Fallujah,Emily Davis,9,F-16,2400,5000,1417.5975495617142,1417.5975495617142,Clear
Fallujah,Emily Davis,9,F-35,3000,6000,1667.5975495617142,1667.5975495617142,Clear
Fallujah,Emily Davis,9,MiG-29,2450,4500,1292.5975495617142,1292.5975495617142,Clear
Fallujah,Emily Davis,9,Su-27,2500,5200,1467.5975495617142,1467.5975495617142,Clear
Fallujah,Emily Davis,9,Eurofighter Typhoon,2495,5600,1567.5975495617142,1567.5975495617142,Clear
Fallujah,Emily Davis,9,Rafale,2130,4700,1342.5975495617142,1342.5975495617142,Clear
Fallujah,Emily Davis,9,F/A-18,1915,4900,1392.5975495617142,1392.5975495617142,Clear
Fallujah,Robert Brown,5,F-16,2400,5000,1416.5975495617142,1416.5975495617142,Clear
Fallujah,Robert Brown,5,F-35,3000,6000,1666.5975495617142,1666.5975495617142,Clear
Fallujah,Robert Brown,5,MiG-29,2450,4500,1291.5975495617142,1291.5975495617142,Clear
Fallujah,Robert Brown,5,Su-27,2500,5200,1466.5975495617142,1466.5975495617142,Clear
Fallujah,Robert Brown,5,Eurofighter Typhoon,2495,5600,1566.5975495617142,1566.5975495617142,Clear
Fallujah,Robert Brown,5,Rafale,2130,4700,1341.5975495617142,1341.5975495617142,Clear
Fallujah,Robert Brown,5,F/A-18,1915,4900,1391.5975495617142,1391.5975495617142,Clear
Fallujah,Sarah Wilson,8,F-16,2400,5000,1417.3475495617142,1417.3475495617142,Clear
Fallujah,Sarah Wilson,8,F-35,3000,6000,1667.3475495617142,1667.3475495617142,Clear
Fallujah,Sarah Wilson,8,MiG-29,2450,4500,1292.3475495617142,1292.3475495617142,Clear
Fallujah,Sarah Wilson,8,Su-27,2500,5200,1467.3475495617142,1467.3475495617142,Clear
Fallujah,Sarah Wilson,8,Eurofighter Typhoon,2495,5600,1567.3475495617142,1567.3475495617142,Clear
Fallujah,Sarah Wilson,8,Rafale,2130,4700,1342.3475495617142,1342.3475495617142,Clear
Fallujah,Sarah Wilson,8,F/A-18,1915,4900,1392.3475495617142,1392.3475495617142,Clear
Fallujah,David Lee,6,F-16,2400,5000,1416.8475495617142,1416.8475495617142,Clear
Fallujah,David Lee,6,F-35,3000,6000,1666.8475495617142,1666.8475495617142,Clear
Fallujah,David Lee,6,MiG-29,2450,4500,1291.8475495617142,1291.8475495617142,Clear
Fallujah,David Lee,6,Su-27,2500,5200,1466.8475495617142,1466.8475495617142,Clear
Fallujah,David Lee,6,Eurofighter Typhoon,2495,5600,1566.8475495617142,1566.8475495617142,Clear
Fallujah,David Lee,6,Rafale,2130,4700,1341.8475495617142,1341.8475495617142,Clear
Fallujah,David Lee,6,F/A-18,1915,4900,1391.8475495617142,1391.8475495617142,Clear
Fallujah,Chris Walker,7,F-16,2400,5000,1417.0975495617142,1417.0975495617142,Clear
Fallujah,Chris Walker,7,F-35,3000,6000,1667.0975495617142,1667.0975495617142,Clear
Fallujah,Chris Walker,7,MiG-29,2450,4500,1292.0975495617142,1292.0975495617142,Clear
Fallujah,Chris Walker,7,Su-27,2500,5200,1467.0975495617142,1467.0975495617142,Clear
Fallujah,Chris Walker,7,Eurofighter Typhoon,2495,5600,1567.0975495617142,1567.0975495617142,Clear
Fallujah,Chris Walker,7,Rafale,2130,4700,1342.0975495617142,1342.0975495617142,Clear
Fallujah,Chris Walker,7,F/A-18,1915,4900,1392.0975495617142,1392.0975495617142,Clear
Fallujah,Jessica Miller,10,F-16,2400,5000,1417.8475495617142,1417.8475495617142,Clear
Fallujah,Jessica Miller,10,F-35,3000,6000,1667.8475495617142,1667.8475495617142,Clear
Fallujah,Jessica Miller,10,MiG-29,2450,4500,1292.8475495617142,1292.8475495617142,Clear
Fallujah,Jessica Miller,10,Su-27,2500,5200,1467.8475495617142,1467.8475495617142,Clear
Fallujah,Jessica Miller,10,Eurofighter Typhoon,2495,5600,1567.8475495617142,1567.8475495617142,Clear
Fallujah,Jessica Miller,10,Rafale,2130,4700,1342.8475495617142,1342.8475495617142,Clear
Fallujah,Jessica Miller,10,F/A-18,1915,4900,1392.8475495617142,1392.8475495617142,Clear
Fallujah,Daniel Harris,4,F-16,2400,5000,1416.3475495617142,1416.3475495617142,Clear
Fallujah,Daniel Harris,4,F-35,3000,6000,1666.3475495617142,1666.3475495617142,Clear
Fallujah,Daniel Harris,4,MiG-29,2450,4500,1291.3475495617142,1291.3475495617142,Clear
Fallujah,Daniel Harris,4,Su-27,2500,5200,1466.3475495617142,1466.3475495617142,Clear
Fallujah,Daniel Harris,4,Eurofighter Typhoon,2495,5600,1566.3475495617142,1566.3475495617142,Clear
Fallujah,Daniel Harris,4,Rafale,2130,4700,1341.3475495617142,1341.3475495617142,Clear
Fallujah,Daniel Harris,4,F/A-18,1915,4900,1391.3475495617142,1391.3475495617142,Clear
Kandahar,John Doe,8,F-16,2400,5000,1828.2084827313925,1828.2084827313925,Clear
Kandahar,John Doe,8,F-35,3000,6000,2078.2084827313925,2078.2084827313925,Clear
Kandahar,John Doe,8,MiG-29,2450,4500,1703.2084827313925,1703.2084827313925,Clear
Kandahar,John Doe,8,Su-27,2500,5200,1878.2084827313925,1878.2084827313925,Clear
Kandahar,John Doe,8,Eurofighter Typhoon,2495,5600,1978.2084827313925,1978.2084827313925,Clear
Kandahar,John Doe,8,Rafale,2130,4700,1753.2084827313925,1753.2084827313925,Clear
Kandahar,John Doe,8,F/A-18,1915,4900,1803.2084827313925,1803.2084827313925,Clear
Kandahar,Jane Smith,6,F-16,2400,5000,1827.7084827313925,1827.7084827313925,Clear
Kandahar,Jane Smith,6,F-35,3000,6000,2077.7084827313925,2077.7084827313925,Clear
Kandahar,Jane Smith,6,MiG-29,2450,4500,1702.7084827313925,1702.7084827313925,Clear
Kandahar,Jane Smith,6,Su-27,2500,5200,1877.7084827313925,1877.7084827313925,Clear
Kandahar,Jane Smith,6,Eurofighter Typhoon,2495,5600,1977.7084827313925,1977.7084827313925,Clear
Kandahar,Jane Smith,6,Rafale,2130,4700,1752.7084827313925,1752.7084827313925,Clear
Kandahar,Jane Smith,6,F/A-18,1915,4900,1802.7084827313925,1802.7084827313925,Clear
Kandahar,Michael Johnson,7,F-16,2400,5000,1827.9584827313925,1827.9584827313925,Clear
Kandahar,Michael Johnson,7,F-35,3000,6000,2077.9584827313925,2077.9584827313925,Clear
Kandahar,Michael Johnson,7,MiG-29,2450,4500,1702.9584827313925,1702.9584827313925,Clear
Kandahar,Michael Johnson,7,Su-27,2500,5200,1877.9584827313925,1877.9584827313925,Clear
Kandahar,Michael Johnson,7,Eurofighter Typhoon,2495,5600,1977.9584827313925,1977.9584827313925,Clear
Kandahar,Michael Johnson,7,Rafale,2130,4700,1752.9584827313925,1752.9584827313925,Clear
Kandahar,Michael Johnson,7,F/A-18,1915,4900,1802.9584827313925,1802.9584827313925,Clear
Kandahar,Emily Davis,9,F-16,2400,5000,1828.4584827313925,1828.4584827313925,Clear
Kandahar,Emily Davis,9,F-35,3000,6000,2078.4584827313925,2078.4584827313925,Clear
Kandahar,Emily Davis,9,MiG-29,2450,4500,1703.4584827313925,1703.4584827313925,Clear
Kandahar,Emily Davis,9,Su-27,2500,5200,1878.4584827313925,1878.4584827313925,Clear
Kandahar,Emily Davis,9,Eurofighter Typhoon,2495,5600,1978.4584827313925,1978.4584827313925,Clear
Kandahar,Emily Davis,9,Rafale,2130,4700,1753.4584827313925,1753.4584827313925,Clear
Kandahar,Emily Davis,9,F/A-18,1915,4900,1803.4584827313925,1803.4584827313925,Clear
Kandahar,Robert Brown,5,F-16,2400,5000,1827.4584827313925,1827.4584827313925,Clear
Kandahar,Robert Brown,5,F-35,3000,6000,2077.4584827313925,2077.4584827313925,Clear
Kandahar,Robert Brown,5,MiG-29,2450,4500,1702.4584827313925,1702.4584827313925,Clear
Kandahar,Robert Brown,5,Su-27,2500,5200,1877.4584827313925,1877.4584827313925,Clear
Kandahar,Robert Brown,5,Eurofighter Typhoon,2495,5600,1977.4584827313925,1977.4584827313925,Clear
Kandahar,Robert Brown,5,Rafale,2130,4700,1752.4584827313925,1752.4584827313925,Clear
Kandahar,Robert Brown,5,F/A-18,1915,4900,1802.4584827313925,1802.4584827313925,Clear
Kandahar,Sarah Wilson,8,F-16,2400,5000,1828.2084827313925,1828.2084827313925,Clear
Kandahar,Sarah Wilson,8,F-35,3000,6000,2078.2084827313925,2078.2084827313925,Clear
Kandahar,Sarah Wilson,8,MiG-29,2450,4500,1703.2084827313925,1703.2084827313925,Clear
Kandahar,Sarah Wilson,8,Su-27,2500,5200,1878.2084827313925,1878.2084827313925,Clear
Kandahar,Sarah Wilson,8,Eurofighter Typhoon,2495,5600,1978.2084827313925,1978.2084827313925,Clear
Kandahar,Sarah Wilson,8,Rafale,2130,4700,1753.2084827313925,1753.2084827313925,Clear
Kandahar,Sarah Wilson,8,F/A-18,1915,4900,1803.2084827313925,1803.2084827313925,Clear
Kandahar,David Lee,6,F-16,2400,5000,1827.7084827313925,1827.7084827313925,Clear
Kandahar,David Lee,6,F-35,3000,6000,2077.7084827313925,2077.7084827313925,Clear
Kandahar,David Lee,6,MiG-29,2450,4500,1702.7084827313925,1702.7084827313925,Clear
Kandahar,David Lee,6,Su-27,2500,5200,1877.7084827313925,1877.7084827313925,Clear
Kandahar,David Lee,6,Eurofighter Typhoon,2495,5600,1977.7084827313925,1977.7084827313925,Clear
Kandahar,David Lee,6,Rafale,2130,4700,1752.7084827313925,1752.7084827313925,Clear
Kandahar,David Lee,6,F/A-18,1915,4900,1802.7084827313925,1802.7084827313925,Clear
Kandahar,Chris Walker,7,F-16,2400,5000,1827.9584827313925,1827.9584827313925,Clear
Kandahar,Chris Walker,7,F-35,3000,6000,2077.9584827313925,2077.9584827313925,Clear
Kandahar,Chris Walker,7,MiG-29,2450,4500,1702.9584827313925,1702.9584827313925,Clear
Kandahar,Chris Walker,7,Su-27,2500,5200,1877.9584827313925,1877.9584827313925,Clear
Kandahar,Chris Walker,7,Eurofighter Typhoon,2495,5600,1977.9584827313925,1977.9584827313925,Clear
Kandahar,Chris Walker,7,Rafale,2130,4700,1752.9584827313925,1752.9584827313925,Clear
Kandahar,Chris Walker,7,F/A-18,1915,4900,1802.9584827313925,1802.9584827313925,Clear
Kandahar,Jessica Miller,10,F-16,2400,5000,1828.7084827313925,1828.7084827313925,Clear
Kandahar,Jessica Miller,10,F-35,3000,6000,2078.7084827313925,2078.7084827313925,Clear
Kandahar,Jessica Miller,10,MiG-29,2450,4500,1703.7084827313925,1703.7084827313925,Clear
Kandahar,Jessica Miller,10,Su-27,2500,5200,1878.7084827313925,1878.7084827313925,Clear
Kandahar,Jessica Miller,10,Eurofighter Typhoon,2495,5600,1978.7084827313925,1978.7084827313925,Clear
Kandahar,Jessica Miller,10,Rafale,2130,4700,1753.7084827313925,1753.7084827313925,Clear
Kandahar,Jessica Miller,10,F/A-18,1915,4900,1803.7084827313925,1803.7084827313925,Clear
Kandahar,Daniel Harris,4,F-16,2400,5000,1827.2084827313925,1827.2084827313925,Clear
Kandahar,Daniel Harris,4,F-35,3000,6000,2077.2084827313925,2077.2084827313925,Clear
Kandahar,Daniel Harris,4,MiG-29,2450,4500,1702.2084827313925,1702.2084827313925,Clear
Kandahar,Daniel Harris,4,Su-27,2500,5200,1877.2084827313925,1877.2084827313925,Clear
Kandahar,Daniel Harris,4,Eurofighter Typhoon,2495,5600,1977.2084827313925,1977.2084827313925,Clear
Kandahar,Daniel Harris,4,Rafale,2130,4700,1752.2084827313925,1752.2084827313925,Clear
Kandahar,Daniel Harris,4,F/A-18,1915,4900,1802.2084827313925,1802.2084827313925,Clear
Marrakesh,John Doe,8,F-16,2400,5000,2064.7628185146264,2064.7628185146264,Clear
Marrakesh,John Doe,8,F-35,3000,6000,2314.7628185146264,2314.7628185146264,Clear
Marrakesh,John Doe,8,MiG-29,2450,4500,1939.7628185146264,1939.7628185146264,Clear
Marrakesh,John Doe,8,Su-27,2500,5200,2114.7628185146264,2114.7628185146264,Clear
Marrakesh,John Doe,8,Eurofighter Typhoon,2495,5600,2214.7628185146264,2214.7628185146264,Clear
Marrakesh,John Doe,8,Rafale,2130,4700,1989.7628185146264,1989.7628185146264,Clear
Marrakesh,John Doe,8,F/A-18,1915,4900,2039.7628185146264,2039.7628185146264,Clear
Marrakesh,Jane Smith,6,F-16,2400,5000,2064.2628185146264,2064.2628185146264,Clear
Marrakesh,Jane Smith,6,F-35,3000,6000,2314.2628185146264,2314.2628185146264,Clear
Marrakesh,Jane Smith,6,MiG-29,2450,4500,1939.2628185146264,1939.2628185146264,Clear
Marrakesh,Jane Smith,6,Su-27,2500,5200,2114.2628185146264,2114.2628185146264,Clear
Marrakesh,Jane Smith,6,Eurofighter Typhoon,2495,5600,2214.2628185146264,2214.2628185146264,Clear
Marrakesh,Jane Smith,6,Rafale,2130,4700,1989.2628185146264,1989.2628185146264,Clear
Marrakesh,Jane Smith,6,F/A-18,1915,4900,2039.2628185146264,2039.2628185146264,Clear
Marrakesh,Michael Johnson,7,F-16,2400,5000,2064.5128185146264,2064.5128185146264,Clear
Marrakesh,Michael Johnson,7,F-35,3000,6000,2314.5128185146264,2314.5128185146264,Clear
Marrakesh,Michael Johnson,7,MiG-29,2450,4500,1939.5128185146264,1939.5128185146264,Clear
Marrakesh,Michael Johnson,7,Su-27,2500,5200,2114.5128185146264,2114.5128185146264,Clear
Marrakesh,Michael Johnson,7,Eurofighter Typhoon,2495,5600,2214.5128185146264,2214.5128185146264,Clear
Marrakesh,Michael Johnson,7,Rafale,2130,4700,1989.5128185146264,1989.5128185146264,Clear
Marrakesh,Michael Johnson,7,F/A-18,1915,4900,2039.5128185146264,2039.5128185146264,Clear
Marrakesh,Emily Davis,9,F-16,2400,5000,2065.0128185146264,2065.0128185146264,Clear
Marrakesh,Emily Davis,9,F-35,3000,6000,2315.0128185146264,2315.0128185146264,Clear
Marrakesh,Emily Davis,9,MiG-29,2450,4500,1940.0128185146264,1940.0128185146264,Clear
Marrakesh,Emily Davis,9,Su-27,2500,5200,2115.0128185146264,2115.0128185146264,Clear
Marrakesh,Emily Davis,9,Eurofighter Typhoon,2495,5600,2215.0128185146264,2215.0128185146264,Clear
Marrakesh,Emily Davis,9,Rafale,2130,4700,1990.0128185146264,1990.0128185146264,Clear
Marrakesh,Emily Davis,9,F/A-18,1915,4900,2040.0128185146264,2040.0128185146264,Clear
Marrakesh,Robert Brown,5,F-16,2400,5000,2064.0128185146264,2064.0128185146264,Clear
Marrakesh,Robert Brown,5,F-35,3000,6000,2314.0128185146264,2314.0128185146264,Clear
Marrakesh,Robert Brown,5,MiG-29,2450,4500,1939.0128185146264,1939.0128185146264,Clear
Marrakesh,Robert Brown,5,Su-27,2500,5200,2114.0128185146264,2114.0128185146264,Clear
Marrakesh,Robert Brown,5,Eurofighter Typhoon,2495,5600,2214.0128185146264,2214.0128185146264,Clear
Marrakesh,Robert Brown,5,Rafale,2130,4700,1989.0128185146264,1989.0128185146264,Clear
Marrakesh,Robert Brown,5,F/A-18,1915,4900,2039.0128185146264,2039.0128185146264,Clear
Marrakesh,Sarah Wilson,8,F-16,2400,5000,2064.7628185146264,2064.7628185146264,Clear
Marrakesh,Sarah Wilson,8,F-35,3000,6000,2314.7628185146264,2314.7628185146264,Clear
Marrakesh,Sarah Wilson,8,MiG-29,2450,4500,1939.7628185146264,1939.7628185146264,Clear
Marrakesh,Sarah Wilson,8,Su-27,2500,5200,2114.7628185146264,2114.7628185146264,Clear
Marrakesh,Sarah Wilson,8,Eurofighter Typhoon,2495,5600,2214.7628185146264,2214.7628185146264,Clear
Marrakesh,Sarah Wilson,8,Rafale,2130,4700,1989.7628185146264,1989.7628185146264,Clear
Marrakesh,Sarah Wilson,8,F/A-18,1915,4900,2039.7628185146264,2039.7628185146264,Clear
Marrakesh,David Lee,6,F-16,2400,5000,2064.2628185146264,2064.2628185146264,Clear
Marrakesh,David Lee,6,F-35,3000,6000,2314.2628185146264,2314.2628185146264,Clear
Marrakesh,David Lee,6,MiG-29,2450,4500,1939.2628185146264,1939.2628185146264,Clear
Marrakesh,David Lee,6,Su-27,2500,5200,2114.2628185146264,2114.2628185146264,Clear
Marrakesh,David Lee,6,Eurofighter Typhoon,2495,5600,2214.2628185146264,2214.2628185146264,Clear
Marrakesh,David Lee,6,Rafale,2130,4700,1989.2628185146264,1989.2628185146264,Clear
Marrakesh,David Lee,6,F/A-18,1915,4900,2039.2628185146264,2039.2628185146264,Clear
Marrakesh,Chris Walker,7,F-16,2400,5000,2064.5128185146264,2064.5128185146264,Clear
Marrakesh,Chris Walker,7,F-35,3000,6000,2314.5128185146264,2314.5128185146264,Clear
Marrakesh,Chris Walker,7,MiG-29,2450,4500,1939.5128185146264,1939.5128185146264,Clear
Marrakesh,Chris Walker,7,Su-27,2500,5200,2114.5128185146264,2114.5128185146264,Clear
Marrakesh,Chris Walker,7,Eurofighter Typhoon,2495,5600,2214.5128185146264,2214.5128185146264,Clear
Marrakesh,Chris Walker,7,Rafale,2130,4700,1989.5128185146264,1989.5128185146264,Clear
Marrakesh,Chris Walker,7,F/A-18,1915,4900,2039.5128185146264,2039.5128185146264,Clear
Marrakesh,Jessica Miller,10,F-16,2400,5000,2065.2628185146264,2065.2628185146264,Clear
Marrakesh,Jessica Miller,10,F-35,3000,6000,2315.2628185146264,2315.2628185146264,Clear
Marrakesh,Jessica Miller,10,MiG-29,2450,4500,1940.2628185146264,1940.2628185146264,Clear
Marrakesh,Jessica Miller,10,Su-27,2500,5200,2115.2628185146264,2115.2628185146264,Clear
Marrakesh,Jessica Miller,10,Eurofighter Typhoon,2495,5600,2215.2628185146264,2215.2628185146264,Clear
Marrakesh,Jessica Miller,10,Rafale,2130,4700,1990.2628185146264,1990.2628185146264,Clear
Marrakesh,Jessica Miller,10,F/A-18,1915,4900,2040.2628185146264,2040.2628185146264,Clear
Marrakesh,Daniel Harris,4,F-16,2400,5000,2063.7628185146264,2063.7628185146264,Clear
Marrakesh,Daniel Harris,4,F-35,3000,6000,2313.7628185146264,2313.7628185146264,Clear
Marrakesh,Daniel Harris,4,MiG-29,2450,4500,1938.7628185146264,1938.7628185146264,Clear
Marrakesh,Daniel Harris,4,Su-27,2500,5200,2113.7628185146264,2113.7628185146264,Clear
Marrakesh,Daniel Harris,4,Eurofighter Typhoon,2495,5600,2213.7628185146264,2213.7628185146264,Clear
Marrakesh,Daniel Harris,4,Rafale,2130,4700,1988.7628185146264,1988.7628185146264,Clear
Marrakesh,Daniel Harris,4,F/A-18,1915,4900,2038.7628185146264,2038.7628185146264,Clear